allele,eplet1,eplet2,eplet3,eplet4,eplet5,eplet6,eplet7,eplet8,eplet9,eplet10,eplet11,eplet12,eplet13,eplet14,eplet15,eplet16,eplet17,eplet18,eplet19,eplet20,eplet21,eplet22,eplet23,eplet24,eplet25,eplet26,eplet27,eplet28,eplet29,eplet30,eplet31,eplet32,eplet33,eplet34,eplet35,eplet36,eplet37,eplet38,eplet39,eplet40,eplet41,eplet42,eplet43,eplet44,eplet45,eplet46,eplet47,eplet48,eplet49,eplet50,eplet51,eplet52,eplet53,eplet54
DPB1*02:01,rp37FV,rqp57D,rp58E,rp58EE,rp67IE,qp67IE,8L,11G,33E,35F,35FV,36V,56E,56EE,57E,65I,65IE,69E,76M,84GGPM,85GPM,96R,178L,,,,,,,,,,,,,,,,,,,,,,,,,,,,,,,
DPB1*03:01,rp37FV,rqp57D,rp58E,rp67LK,qp77RV,8V,9Y,9YL,11L,33E,35F,35FV,36V,56E,57D,65L,65LK,69K,76V,84DEAV,96K,178L,,,,,,,,,,,,,,,,,,,,,,,,,,,,,,,,
DPB1*04:02,rp37FV,rqp57D,rp58E,rp58EE,qp67IE,rqp67IK,8L,11G,33E,35F,35FV,36V,56E,56EE,57E,65I,65IK,69K,76M,84GGPM,85GPM,96R,178M,,,,,,,,,,,,,,,,,,,,,,,,,,,,,,,
DPB1*06:01,rp37FV,rqp57D,rp58E,8V,9Y,9YL,11L,33E,35F,35FV,36V,56E,57D,65L,65LE,69E,76M,84DEAV,96K,178L,,,,,,,,,,,,,,,,,,,,,,,,,,,,,,,,,,
DPB1*09:01,rp37FV,rqp57D,rp58E,rp67IE,qp67IE,qp77RV,8V,9H,11L,33E,35F,35FV,36V,56E,57D,65I,65IE,69E,76V,84DEAV,96K,178L,,,,,,,,,,,,,,,,,,,,,,,,,,,,,,,,
DPB1*10:01,rp37FV,rqp57D,rp58E,rp58EE,rp67IE,qp67IE,qp77RV,8V,9H,11L,33E,35F,35FV,36V,56E,56EE,57E,65I,65IE,69E,76V,84DEAV,96K,178L,,,,,,,,,,,,,,,,,,,,,,,,,,,,,,
DPB1*14:01,rp37FV,rqp57D,rp58E,rp67LK,qp77RV,8V,9H,11L,33E,35F,35FV,36V,56E,57D,65L,65LK,69K,76V,84DEAV,96K,178L,,,,,,,,,,,,,,,,,,,,,,,,,,,,,,,,,
DPB1*16:01,rp37FV,rqp57D,rp58E,rp58EE,rp67IE,qp67IE,8L,11G,33E,35F,35FV,36V,56E,56EE,57E,65I,65IE,69E,76M,84DEAV,96K,178L,,,,,,,,,,,,,,,,,,,,,,,,,,,,,,,,
DPB1*17:01,rp37FV,rqp57D,rp58E,rp67IE,qp67IE,8V,9H,11L,33E,35F,35FV,36V,56E,57D,65I,65IE,69E,76M,84DEAV,96R,178L,,,,,,,,,,,,,,,,,,,,,,,,,,,,,,,,,
DPB1*18:01,rp37FV,rqp57D,rp58E,rp58EE,qp67IE,rqp67IK,8V,8VG,9Y,11G,33E,35F,35FV,36V,56E,56EE,57E,65I,65IK,69K,76M,84VGPM,85GPM,96K,178L,,,,,,,,,,,,,,,,,,,,,,,,,,,,,
DPB1*19:01,rp37FV,rp67IE,qp67IE,8L,11G,33E,35F,35FV,36V,55EAE,56A,57E,65I,65IE,69E,76I,84DEAV,96K,178L,,,,,,,,,,,,,,,,,,,,,,,,,,,,,,,,,,,
DPB1*20:01,rp37FV,rqp57D,rp58E,rp67LK,8V,9Y,9YL,11L,33E,35F,35FV,36V,56E,57D,65L,65LK,69K,76M,84DEAV,96K,178L,,,,,,,,,,,,,,,,,,,,,,,,,,,,,,,,,
DPB1*23:01,rp37FV,rqp57A,qp67IE,rqp67IK,8L,11G,33E,35F,35FV,36V,55A,56A,57E,65I,65IK,69K,76M,84GGPM,85GPM,96R,178L,,,,,,,,,,,,,,,,,,,,,,,,,,,,,,,,,
DPB1*01:01,rqp37YA,rqp57A,qp67IE,rqp67IK,qp77RV,8V,8VG,9Y,11G,33E,33EA,33EYA,35YA,36A,55A,56A,57E,65I,65IK,69K,76V,84DEAV,96K,178L,,,,,,,,,,,,,,,,,,,,,,,,,,,,,,
DPB1*11:01,rqp37YA,rqp57A,rp67LR,8V,9Y,9YL,11L,35YA,36A,55A,56A,57E,65L,69R,76M,84DEAV,96K,178L,,,,,,,,,,,,,,,,,,,,,,,,,,,,,,,,,,,,
DPB1*13:01,rqp37YA,rqp57A,rp67IE,qp67IE,8V,9Y,9YL,11L,33E,33EA,33EYA,35YA,36A,55A,56A,57E,65I,65IE,69E,76I,84DEAV,96K,178L,,,,,,,,,,,,,,,,,,,,,,,,,,,,,,,
DPB1*15:01,rqp37YA,rqp57A,rp67LR,8V,8VG,9Y,11G,35YA,36A,55A,56A,57E,65L,69R,76M,84VGPM,85GPM,96K,178L,,,,,,,,,,,,,,,,,,,,,,,,,,,,,,,,,,,
DPB1*04:01,rqp57A,qp67IE,rqp67IK,8L,11G,33E,33EA,35F,35FA,36A,55A,56A,57E,65I,65IK,69K,76M,84GGPM,85GPM,96R,178L,,,,,,,,,,,,,,,,,,,,,,,,,,,,,,,,,
DPB1*28:01,rqp57D,rp58E,rp58EE,rp67LK,8L,11G,33E,33EA,35F,35FA,36A,56E,56EE,57E,65L,65LK,69K,76M,84VGPM,85GPM,96R,178L,,,,,,,,,,,,,,,,,,,,,,,,,,,,,,,,
DPB1*08:01,rp58E,rp58EE,rp67IE,8L,11G,33E,35F,35FV,36V,56E,56EE,57E,65I,65IE,69E,76V,84DEAV,,,,,,,,,,,,,,,,,,,,,,,,,,,,,,,,,,,,,
DPB1*25:01,rp58E,rp58EE,8V,9Y,9YL,11L,33E,35F,35FV,36V,56E,56EE,57E,65L,65LK,69K,76V,84DEAV,96K,178L,,,,,,,,,,,,,,,,,,,,,,,,,,,,,,,,,,
DPB1*29:01,rp58E,8V,9Y,9YL,11L,33E,35F,35FV,36V,56E,57D,65L,65LE,69E,76V,84DEAV,96K,178L,,,,,,,,,,,,,,,,,,,,,,,,,,,,,,,,,,,,
DPB1*32:01,rp58E,rp67IE,8L,11G,33E,35F,35FV,36V,56E,65I,65IE,69E,76M,84GGPM,85GPM,,,,,,,,,,,,,,,,,,,,,,,,,,,,,,,,,,,,,,,
DPB1*35:01,rp58E,8V,9H,11L,33E,35F,35FV,36V,56E,57D,65I,65IK,69K,76V,84DEAV,96K,178L,,,,,,,,,,,,,,,,,,,,,,,,,,,,,,,,,,,,,
DPB1*37:01,rp58E,rp58EE,rp67IE,8V,9Y,9YL,11L,33E,35F,35FV,36V,56E,56EE,57E,65I,65IE,69E,76V,84DEAV,,,,,,,,,,,,,,,,,,,,,,,,,,,,,,,,,,,
DPB1*41:01,rp58E,rp58EE,8L,11G,33E,35F,35FV,36V,56E,56EE,57E,69E,76M,84GGPM,85GPM,96R,178L,,,,,,,,,,,,,,,,,,,,,,,,,,,,,,,,,,,,,
DPB1*44:01,rp58E,8V,9Y,9YL,11L,33E,35LV,36V,56E,57D,65L,65LE,69E,76V,84DEAV,,,,,,,,,,,,,,,,,,,,,,,,,,,,,,,,,,,,,,,
DPB1*45:01,rp58E,rp58EE,8V,9H,11L,33E,35F,35FV,36V,56E,56EE,57E,65L,65LK,69K,76V,84DEAV,96K,178L,,,,,,,,,,,,,,,,,,,,,,,,,,,,,,,,,,,
DPB1*46:01,rp58E,rp67IE,8L,11G,33E,35F,35FV,36V,56E,57D,65I,65IE,69E,76M,84GGPM,85GPM,96R,178L,,,,,,,,,,,,,,,,,,,,,,,,,,,,,,,,,,,,
DPB1*48:01,rp58E,rp58EE,rp67IE,8L,11G,33E,35LV,36V,56E,56EE,57E,65I,65IE,69E,76M,84GGPM,85GPM,96R,178L,,,,,,,,,,,,,,,,,,,,,,,,,,,,,,,,,,,
DPB1*49:01,rp58E,rp58EE,8L,11G,33E,33EA,33EYA,35YA,36A,56E,56EE,57E,65I,65IK,69K,76M,84GGPM,85GPM,96R,178L,,,,,,,,,,,,,,,,,,,,,,,,,,,,,,,,,,
DPB1*50:01,rp58E,8V,8VG,9Y,11G,33E,35F,35FV,36V,56E,57D,65L,65LK,69K,76V,84DEAV,96K,178L,,,,,,,,,,,,,,,,,,,,,,,,,,,,,,,,,,,,
DPB1*51:01,rp58E,rp58EE,8L,11G,33E,33EA,35F,35FA,36A,56E,56EE,57E,65I,65IK,69K,76M,84GGPM,85GPM,96R,178L,,,,,,,,,,,,,,,,,,,,,,,,,,,,,,,,,,
DPB1*53:01,rp58E,rp58EE,8L,11G,33E,33EA,33EYA,35YA,36A,56E,56EE,57E,65I,65IK,69K,76M,84VGPM,85GPM,,,,,,,,,,,,,,,,,,,,,,,,,,,,,,,,,,,,
DPB1*57:01,rp58E,8L,11G,33E,35F,35FV,36V,56E,57D,65L,65LK,69K,76V,84DEAV,96K,178L,,,,,,,,,,,,,,,,,,,,,,,,,,,,,,,,,,,,,,
DPB1*59:01,rp58E,rp58EE,8L,11G,33E,35F,35FV,36V,56E,56EE,57E,65L,65LK,69K,76M,84GGPM,85GPM,96R,178M,,,,,,,,,,,,,,,,,,,,,,,,,,,,,,,,,,,
DPB1*60:01,rp58E,rp58EE,8L,11G,33E,35F,35FV,36V,56E,56EE,57E,69K,76M,84GGPM,85GPM,,,,,,,,,,,,,,,,,,,,,,,,,,,,,,,,,,,,,,,
DPB1*68:01,rp58E,rp58EE,8L,11G,33E,35F,35FV,36V,56E,56EE,57E,65I,65IK,69K,76V,84DEAV,,,,,,,,,,,,,,,,,,,,,,,,,,,,,,,,,,,,,,
DPB1*69:01,rp58E,8V,9Y,9YL,11L,33E,35F,35FV,36V,56E,57D,65L,69R,76M,84DEAV,96K,178L,,,,,,,,,,,,,,,,,,,,,,,,,,,,,,,,,,,,,
DPB1*70:01,rp58E,8V,11L,33E,35F,35FV,36V,56E,57D,65L,65LK,69K,76V,84DEAV,,,,,,,,,,,,,,,,,,,,,,,,,,,,,,,,,,,,,,,,
DPB1*73:01,rp58E,rp58EE,8L,11G,33E,35F,35FV,36V,56E,56EE,57E,65L,65LK,69K,76V,84GGPM,85GPM,,,,,,,,,,,,,,,,,,,,,,,,,,,,,,,,,,,,,
DPB1*75:01,rp58E,rp58EE,8L,11G,33E,35F,35FV,36V,56E,56EE,57E,65I,65IK,69K,76V,84GGPM,85GPM,,,,,,,,,,,,,,,,,,,,,,,,,,,,,,,,,,,,,
DPB1*76:01,rp58E,8V,9H,11L,33E,33EA,35F,35FA,36A,56E,57D,65L,65LK,69K,76V,84DEAV,96K,178L,,,,,,,,,,,,,,,,,,,,,,,,,,,,,,,,,,,,
DPB1*77:01,rp58E,rp58EE,8L,11G,33E,35F,35FV,36V,56E,56EE,57E,65I,65IK,69K,76M,84GGPM,85GPM,96R,178M,,,,,,,,,,,,,,,,,,,,,,,,,,,,,,,,,,,
DPB1*78:01,rp58E,8V,9Y,9YL,11L,33E,35F,35FV,36V,56E,57D,65L,65LK,69K,76V,84DEAV,96K,178L,,,,,,,,,,,,,,,,,,,,,,,,,,,,,,,,,,,,
DPB1*79:01,rp58E,rp58EE,8V,9Y,9YL,11L,33E,35F,35FV,36V,56E,56EE,57E,65I,65IK,69K,76V,84DEAV,,,,,,,,,,,,,,,,,,,,,,,,,,,,,,,,,,,,
DPB1*80:01,rp58E,8L,11G,33E,35F,35FV,36V,56E,57D,65I,65IK,69K,76M,84GGPM,85GPM,96R,178M,,,,,,,,,,,,,,,,,,,,,,,,,,,,,,,,,,,,,
DPB1*81:01,rp58E,rp58EE,rp67IE,8L,11G,33E,33EA,35F,35FA,36A,56E,56EE,57E,65I,65IE,69E,76M,84GGPM,85GPM,96R,178L,,,,,,,,,,,,,,,,,,,,,,,,,,,,,,,,,
DPB1*82:01,rp58E,rp58EE,8L,11G,33E,35F,35FV,36V,56E,56EE,57E,65I,65IK,69K,76M,84GGPM,85GPM,,,,,,,,,,,,,,,,,,,,,,,,,,,,,,,,,,,,,
DPB1*83:01,rp58E,rp58EE,8L,11G,33E,35F,35FV,36V,56E,56EE,57E,69K,76M,84GGPM,85GPM,,,,,,,,,,,,,,,,,,,,,,,,,,,,,,,,,,,,,,,
DPB1*86:01,rp58E,rp67IE,8V,9H,11L,33E,35F,35FV,36V,56E,57D,65I,65IE,69E,76M,84GGPM,85GPM,,,,,,,,,,,,,,,,,,,,,,,,,,,,,,,,,,,,,
DPB1*88:01,rp58E,rp67IE,8V,9Y,9YL,11L,33E,35F,35FV,36V,56E,57D,65I,65IE,69E,76V,84DEAV,96K,178L,,,,,,,,,,,,,,,,,,,,,,,,,,,,,,,,,,,
DPB1*91:01,rp58E,8V,9H,11L,33E,35F,35FV,36V,56E,57D,65L,65LK,69K,76M,84DEAV,96K,178L,,,,,,,,,,,,,,,,,,,,,,,,,,,,,,,,,,,,,
DPB1*92:01,rp58E,8V,9Y,9YL,11L,33E,33EA,35F,35FA,36A,56E,57D,65L,65LK,69K,76V,84DEAV,,,,,,,,,,,,,,,,,,,,,,,,,,,,,,,,,,,,,
DPB1*93:01,rp58E,rp58EE,rp67IE,8V,9Y,9YL,11L,33E,35F,35FV,36V,56E,56EE,57E,65I,65IE,69E,76M,84DEAV,96K,178L,,,,,,,,,,,,,,,,,,,,,,,,,,,,,,,,,
DPB1*94:01,rp58E,rp58EE,8L,11G,33E,35F,35FV,36V,56E,56EE,57E,65I,65IK,69K,76M,84GGPM,85GPM,,,,,,,,,,,,,,,,,,,,,,,,,,,,,,,,,,,,,
DPB1*98:01,rp58E,8V,9H,11L,33E,35F,35FV,36V,56E,57D,65I,65IK,69K,76M,84DEAV,,,,,,,,,,,,,,,,,,,,,,,,,,,,,,,,,,,,,,,
DPB1*02:02,rp67IE,8L,11G,33E,35LV,36V,55EAE,56A,57E,65I,65IE,69E,76M,84GGPM,85GPM,96R,178L,,,,,,,,,,,,,,,,,,,,,,,,,,,,,,,,,,,,,
DPB1*21:01,rp67IE,8V,9Y,9YL,11L,33E,35LV,36V,55EAE,56A,57E,65I,65IE,69E,76M,84DEAV,96K,178L,,,,,,,,,,,,,,,,,,,,,,,,,,,,,,,,,,,,
DPB1*22:01,rp67IE,8L,11G,33E,35LV,36V,55EAE,56A,57E,65I,65IE,69E,76M,84DEAV,96K,178L,,,,,,,,,,,,,,,,,,,,,,,,,,,,,,,,,,,,,,
DPB1*30:01,rp67IE,8V,9H,11L,33E,35F,35FV,36V,55EAE,56A,57E,65I,65IE,69E,76M,84DEAV,96R,178L,,,,,,,,,,,,,,,,,,,,,,,,,,,,,,,,,,,,
DPB1*33:01,rp67IE,8L,11G,33E,33EA,35F,35FA,36A,55A,56A,57E,65I,65IE,69E,76M,84GGPM,85GPM,96R,178L,,,,,,,,,,,,,,,,,,,,,,,,,,,,,,,,,,,
DPB1*47:01,rp67IE,8L,11G,33E,35F,35FV,36V,55EAE,56A,57E,65I,65IE,69E,76M,84GGPM,85GPM,96R,178L,,,,,,,,,,,,,,,,,,,,,,,,,,,,,,,,,,,,
DPB1*54:01,rp67IE,8V,9H,11L,33E,35F,35FV,36V,55EAE,56A,57E,65I,65IE,69E,76V,84DEAV,,,,,,,,,,,,,,,,,,,,,,,,,,,,,,,,,,,,,,
DPB1*55:01,rp67IE,8V,9H,11L,33E,35F,35FV,36V,55A,56A,57E,65I,65IE,69E,76M,84DEAV,96R,178L,,,,,,,,,,,,,,,,,,,,,,,,,,,,,,,,,,,,
DPB1*58:01,rp67IE,8V,9H,11L,33E,35LV,36V,55A,56A,57E,65I,65IE,69E,76M,84DEAV,,,,,,,,,,,,,,,,,,,,,,,,,,,,,,,,,,,,,,,
DPB1*71:01,rp67IE,8L,11G,33E,35F,35FV,36V,55A,56A,57E,65I,65IE,69E,76M,84GGPM,85GPM,96R,178L,,,,,,,,,,,,,,,,,,,,,,,,,,,,,,,,,,,,
DPB1*05:01,qp67IE,rqp67IK,8L,11G,33E,35LV,36V,55EAE,56A,57E,65I,65IK,69K,76M,84DEAV,96K,178L,,,,,,,,,,,,,,,,,,,,,,,,,,,,,,,,,,,,,
DPB1*24:01,8L,11G,33E,33EA,35F,35FA,36A,55EAE,56A,57E,65I,65IK,69K,76M,84GGPM,85GPM,96R,178L,,,,,,,,,,,,,,,,,,,,,,,,,,,,,,,,,,,,
DPB1*31:01,8L,11G,33E,33EA,35F,35FA,36A,55A,56A,57E,65L,65LK,69K,76M,84DEAV,96R,178L,,,,,,,,,,,,,,,,,,,,,,,,,,,,,,,,,,,,,
DPB1*34:01,8L,11G,33E,35LV,36V,55A,56A,57E,65L,65LK,69K,76M,84VGPM,85GPM,96K,178L,,,,,,,,,,,,,,,,,,,,,,,,,,,,,,,,,,,,,,
DPB1*38:01,8L,11G,33E,35LV,36V,55EAE,56A,57E,65I,65IK,69K,76M,84DEAV,96K,178L,,,,,,,,,,,,,,,,,,,,,,,,,,,,,,,,,,,,,,,
DPB1*39:01,8L,11G,33E,33EA,33EYA,35YA,36A,55A,56A,57E,65I,65IK,69K,76M,84GGPM,85GPM,96R,178L,,,,,,,,,,,,,,,,,,,,,,,,,,,,,,,,,,,,
DPB1*40:01,8L,11G,33E,33EA,33EYA,35YA,36A,55A,56A,57E,65I,65IK,69K,76M,84VGPM,85GPM,96R,178L,,,,,,,,,,,,,,,,,,,,,,,,,,,,,,,,,,,,
DPB1*62:01,8L,11G,33E,35LV,36V,55A,56A,57E,65I,65IK,69K,76M,84VGPM,85GPM,,,,,,,,,,,,,,,,,,,,,,,,,,,,,,,,,,,,,,,,
DPB1*63:01,8L,11G,33E,35LV,36V,55A,56A,57E,65I,65IK,69K,76M,84DEAV,96K,178L,,,,,,,,,,,,,,,,,,,,,,,,,,,,,,,,,,,,,,,
DPB1*65:01,8L,11G,33E,33EA,33EYA,35YA,36A,55A,56A,57E,65I,65IK,69K,76V,84DEAV,,,,,,,,,,,,,,,,,,,,,,,,,,,,,,,,,,,,,,,
DPB1*72:01,8L,11G,33E,33EA,35F,35FA,36A,55A,56A,57E,65L,65LK,69K,76M,84GGPM,85GPM,96R,178L,,,,,,,,,,,,,,,,,,,,,,,,,,,,,,,,,,,,
DPB1*84:01,8L,11G,33E,35F,35FV,36V,57E,65I,65IK,69K,76V,84DEAV,,,,,,,,,,,,,,,,,,,,,,,,,,,,,,,,,,,,,,,,,,
DPB1*95:01,8L,11G,33E,35LV,36V,55A,56A,57E,65L,65LE,69E,76M,84GGPM,85GPM,,,,,,,,,,,,,,,,,,,,,,,,,,,,,,,,,,,,,,,,
DPB1*96:01,8L,11G,33E,33EA,33EYA,35YA,36A,55A,56A,57E,65I,65IK,69K,76M,84GGPM,85GPM,,,,,,,,,,,,,,,,,,,,,,,,,,,,,,,,,,,,,,
DPB1*97:01,8L,11G,33E,35LV,36V,55EAE,56A,57E,65I,65IK,69K,76M,84DEAV,,,,,,,,,,,,,,,,,,,,,,,,,,,,,,,,,,,,,,,,,
DPB1*99:01,8L,11G,33E,33EA,35F,35FA,36A,55A,56A,57E,65I,65IK,69K,76M,84GGPM,85GPM,,,,,,,,,,,,,,,,,,,,,,,,,,,,,,,,,,,,,,
DPB1*100:01,8L,11G,33E,35LV,36V,55EAE,56A,57E,65I,65IK,69K,76M,84GGPM,85GPM,,,,,,,,,,,,,,,,,,,,,,,,,,,,,,,,,,,,,,,,
DPB1*101:01,8L,11G,33E,35LV,36V,55EAE,56A,57E,65I,65IE,69E,76M,84GGPM,85GPM,,,,,,,,,,,,,,,,,,,,,,,,,,,,,,,,,,,,,,,,
DPB1*102:01,8L,11G,33E,33EA,35F,35FA,36A,55A,56A,57E,65L,65LK,69K,76M,84DEAV,,,,,,,,,,,,,,,,,,,,,,,,,,,,,,,,,,,,,,,
DPB1*103:01,8L,11G,33E,35F,35FV,36V,55A,56A,57E,65I,65IE,69E,76M,84DEAV,,,,,,,,,,,,,,,,,,,,,,,,,,,,,,,,,,,,,,,,
DPB1*105:01,8L,11G,33E,35F,35FV,36V,56E,56EE,57E,65I,65IK,69K,76M,84GGPM,85GPM,96R,178L,,,,,,,,,,,,,,,,,,,,,,,,,,,,,,,,,,,,,
DPB1*106:01,8L,11G,33E,35F,35FV,36V,55EAE,56A,57E,65I,65IE,69E,76I,84DEAV,96R,178L,,,,,,,,,,,,,,,,,,,,,,,,,,,,,,,,,,,,,,
DPB1*108:01,8L,11G,33E,35F,35FV,36V,56E,57D,65L,65LK,69K,76M,84GGPM,85GPM,,,,,,,,,,,,,,,,,,,,,,,,,,,,,,,,,,,,,,,,
DPB1*112:01,8L,11G,33E,35LV,36V,55A,56A,57E,65I,65IK,69K,76M,84GGPM,85GPM,,,,,,,,,,,,,,,,,,,,,,,,,,,,,,,,,,,,,,,,
DPB1*115:01,8L,11G,33E,35F,35FV,36V,56E,56EE,57E,65I,65IE,69E,76M,84GGPM,85GPM,96R,178L,,,,,,,,,,,,,,,,,,,,,,,,,,,,,,,,,,,,,
DPB1*116:01,8L,11G,33E,35LV,36V,56E,56EE,57E,65I,65IK,69K,76M,84GGPM,85GPM,,,,,,,,,,,,,,,,,,,,,,,,,,,,,,,,,,,,,,,,
DPB1*121:01,8L,11G,33E,33EA,35F,35FA,36A,55A,56A,57E,65I,65IK,69K,76M,84GGPM,85GPM,96R,178L,,,,,,,,,,,,,,,,,,,,,,,,,,,,,,,,,,,,
DPB1*123:01,8L,11G,33E,35F,35FV,36V,56E,56EE,57E,65I,65IE,69E,76M,84GGPM,85GPM,96R,178L,,,,,,,,,,,,,,,,,,,,,,,,,,,,,,,,,,,,,
DPB1*126:01,8L,11G,33E,33EA,35F,35FA,36A,55A,56A,57E,65I,65IK,69K,76M,84GGPM,85GPM,96R,178M,,,,,,,,,,,,,,,,,,,,,,,,,,,,,,,,,,,,
DPB1*128:01,8L,11G,33E,33EA,35F,35FA,36A,55A,56A,57E,65I,65IK,69K,76M,84GGPM,85GPM,96R,178L,,,,,,,,,,,,,,,,,,,,,,,,,,,,,,,,,,,,
DPB1*134:01,8L,11G,33E,33EA,35F,35FA,36A,55A,56A,57E,65I,65IK,69K,76M,84GGPM,85GPM,96R,178L,,,,,,,,,,,,,,,,,,,,,,,,,,,,,,,,,,,,
DPB1*135:01,8L,11G,33E,35LV,36V,55EAE,56A,57E,65I,65IK,69K,76M,84DEAV,96K,178L,,,,,,,,,,,,,,,,,,,,,,,,,,,,,,,,,,,,,,,
DPB1*138:01,8L,11G,33E,35F,35FV,36V,55A,56A,57E,65I,65IK,69K,76M,84GGPM,85GPM,96R,178M,,,,,,,,,,,,,,,,,,,,,,,,,,,,,,,,,,,,,
DPB1*139:01,8L,11G,33E,33EA,35F,35FA,36A,55EAE,56A,57E,65L,65LK,69K,76M,84VGPM,85GPM,,,,,,,,,,,,,,,,,,,,,,,,,,,,,,,,,,,,,,
DPB1*140:01,8L,11G,33E,35LV,36V,55EAE,56A,57E,65I,65IK,69K,76M,84DEAV,,,,,,,,,,,,,,,,,,,,,,,,,,,,,,,,,,,,,,,,,
DPB1*141:01,8L,11G,33E,35F,35FV,36V,56E,56EE,57E,65I,65IE,69E,76M,84GGPM,85GPM,96R,178L,,,,,,,,,,,,,,,,,,,,,,,,,,,,,,,,,,,,,
DPB1*144:01,8L,11G,33E,35F,35FV,36V,56E,56EE,57E,65I,65IK,69K,76M,84GGPM,85GPM,,,,,,,,,,,,,,,,,,,,,,,,,,,,,,,,,,,,,,,
DPB1*145:01,8L,11G,33E,35F,35FV,36V,56E,56EE,57E,65I,65IE,69E,76M,84GGPM,85GPM,,,,,,,,,,,,,,,,,,,,,,,,,,,,,,,,,,,,,,,
DPB1*146:01,8L,11G,33E,35F,35FV,36V,56E,56EE,57E,65I,65IE,69E,76M,84GGPM,85GPM,,,,,,,,,,,,,,,,,,,,,,,,,,,,,,,,,,,,,,,
DPB1*147:01,8L,11G,35YA,36A,55A,56A,57E,65L,69R,76M,84DEAV,,,,,,,,,,,,,,,,,,,,,,,,,,,,,,,,,,,,,,,,,,,
DPB1*148:01,8L,11G,33E,35LV,36V,57E,65I,65IE,69E,76M,84GGPM,85GPM,,,,,,,,,,,,,,,,,,,,,,,,,,,,,,,,,,,,,,,,,,
DPB1*149:01,8L,11G,33E,33EA,35F,35FA,36A,55A,56A,57E,65I,65IK,69K,76M,84GGPM,85GPM,,,,,,,,,,,,,,,,,,,,,,,,,,,,,,,,,,,,,,
DPB1*150:01,8L,11G,33E,33EA,35F,35FA,36A,55A,56A,57E,65I,65IK,69K,76V,84DEAV,,,,,,,,,,,,,,,,,,,,,,,,,,,,,,,,,,,,,,,
DPB1*151:01,8L,11G,33E,35F,35FV,36V,56E,56EE,57E,65I,65IE,69E,76M,84GGPM,85GPM,,,,,,,,,,,,,,,,,,,,,,,,,,,,,,,,,,,,,,,
DPB1*152:01,8L,11G,33E,35F,35FV,36V,56E,57D,65L,65LE,69E,76M,84DEAV,96K,178L,,,,,,,,,,,,,,,,,,,,,,,,,,,,,,,,,,,,,,,
DPB1*153:01,8L,11G,33E,35F,35FV,36V,56E,56EE,57E,65I,65IK,69K,76M,84GGPM,85GPM,,,,,,,,,,,,,,,,,,,,,,,,,,,,,,,,,,,,,,,
DPB1*155:01,8L,11G,33E,35F,35FV,36V,56E,56EE,57E,65I,65IE,69E,76M,84GGPM,85GPM,,,,,,,,,,,,,,,,,,,,,,,,,,,,,,,,,,,,,,,
DPB1*163:01,8L,11G,33E,35F,35FV,36V,56E,56EE,57E,65I,65IE,69E,76M,84GGPM,85GPM,,,,,,,,,,,,,,,,,,,,,,,,,,,,,,,,,,,,,,,
DPB1*165:01,8L,11G,33E,35F,35FV,36V,56E,56EE,57E,65I,65IE,69E,76M,84DEAV,,,,,,,,,,,,,,,,,,,,,,,,,,,,,,,,,,,,,,,,
DPB1*166:01,8L,11G,33E,35F,35FV,36V,56E,57D,65L,65LE,69E,76I,84DEAV,,,,,,,,,,,,,,,,,,,,,,,,,,,,,,,,,,,,,,,,,
DPB1*169:01,8L,11G,33E,33EA,35F,35FA,36A,55A,56A,57E,65I,65IK,69K,76M,84GGPM,85GPM,,,,,,,,,,,,,,,,,,,,,,,,,,,,,,,,,,,,,,
DPB1*170:01,8L,11G,33E,35LV,36V,55EAE,56A,57E,65I,65IK,69K,76M,84DEAV,,,,,,,,,,,,,,,,,,,,,,,,,,,,,,,,,,,,,,,,,
DPB1*171:01,8L,11G,33E,35LV,36V,55EAE,56A,57E,65I,65IK,69K,76M,84DEAV,,,,,,,,,,,,,,,,,,,,,,,,,,,,,,,,,,,,,,,,,
DPB1*172:01,8L,11G,33E,33EA,33EYA,35YA,36A,56E,56EE,57E,65I,65IE,69E,76M,84GGPM,85GPM,,,,,,,,,,,,,,,,,,,,,,,,,,,,,,,,,,,,,,
DPB1*173:01,8L,11G,33E,33EA,33EYA,35YA,36A,55A,56A,57E,65I,65IE,69E,76I,84DEAV,,,,,,,,,,,,,,,,,,,,,,,,,,,,,,,,,,,,,,,
DPB1*174:01,8L,11G,33E,33EA,35F,35FA,36A,55A,56A,57E,65I,65IK,69K,76M,84GGPM,85GPM,,,,,,,,,,,,,,,,,,,,,,,,,,,,,,,,,,,,,,
DPB1*175:01,8L,11G,33E,33EA,35F,35FA,36A,55A,56A,57E,65I,65IK,69K,76M,84GGPM,85GPM,,,,,,,,,,,,,,,,,,,,,,,,,,,,,,,,,,,,,,
DPB1*176:01,8L,11G,33E,33EA,35F,35FA,36A,55A,56A,57E,65I,65IK,69K,76M,84GGPM,85GPM,,,,,,,,,,,,,,,,,,,,,,,,,,,,,,,,,,,,,,
DPB1*177:01,8L,11G,33E,33EA,35F,35FA,36A,55A,56A,57E,65I,65IK,69K,76M,85GPM,,,,,,,,,,,,,,,,,,,,,,,,,,,,,,,,,,,,,,,
DPB1*178:01,8L,11G,33E,33EA,35F,35FA,36A,55A,56A,57E,65I,65IK,69K,76M,96R,178L,,,,,,,,,,,,,,,,,,,,,,,,,,,,,,,,,,,,,,
DPB1*179:01,8L,11G,33E,33EA,35F,35FA,36A,55A,56A,57E,65L,69R,76M,84GGPM,85GPM,,,,,,,,,,,,,,,,,,,,,,,,,,,,,,,,,,,,,,,
DPB1*180:01,8L,11G,33E,33EA,35F,35FA,36A,55A,56A,57E,65I,65IK,69K,76M,84GGPM,85GPM,,,,,,,,,,,,,,,,,,,,,,,,,,,,,,,,,,,,,,
DPB1*181:01,8L,11G,33E,33EA,35F,35FA,36A,55A,56A,57E,65I,65IK,69K,76M,84GGPM,85GPM,,,,,,,,,,,,,,,,,,,,,,,,,,,,,,,,,,,,,,
DPB1*182:01,8L,11G,33E,35F,35FV,36V,56E,57D,65I,65IE,69E,76M,84DEAV,,,,,,,,,,,,,,,,,,,,,,,,,,,,,,,,,,,,,,,,,
DPB1*183:01,8L,11G,33E,35F,35FV,36V,56E,56EE,57E,65I,65IK,69K,76M,84GGPM,85GPM,,,,,,,,,,,,,,,,,,,,,,,,,,,,,,,,,,,,,,,
DPB1*184:01,8L,11G,33E,35F,35FV,36V,56E,56EE,57E,65I,65IK,69K,76M,84DEAV,96R,178M,,,,,,,,,,,,,,,,,,,,,,,,,,,,,,,,,,,,,,
DPB1*185:01,8L,11G,33E,35F,35FV,36V,56E,56EE,57E,65I,65IK,69K,76M,84GGPM,85GPM,,,,,,,,,,,,,,,,,,,,,,,,,,,,,,,,,,,,,,,
DPB1*186:01,8L,11G,33E,35F,35FV,36V,56E,56EE,57E,65I,65IE,69E,76M,84GGPM,85GPM,,,,,,,,,,,,,,,,,,,,,,,,,,,,,,,,,,,,,,,
DPB1*187:01,8L,11G,33E,35F,35FV,36V,56E,56EE,57E,65I,65IE,69E,76M,84GGPM,85GPM,96R,178L,,,,,,,,,,,,,,,,,,,,,,,,,,,,,,,,,,,,,
DPB1*188:01,8L,11G,33E,35F,35FV,36V,56E,56EE,57E,65I,65IE,69E,76V,84GGPM,85GPM,,,,,,,,,,,,,,,,,,,,,,,,,,,,,,,,,,,,,,,
DPB1*189:01,8L,11G,33E,35F,35FV,36V,56E,56EE,57E,65L,65LE,69E,76M,84GGPM,85GPM,,,,,,,,,,,,,,,,,,,,,,,,,,,,,,,,,,,,,,,
DPB1*190:01,8L,11G,33E,35F,35FV,36V,57E,65I,65IK,69K,76M,84GGPM,85GPM,96R,178M,,,,,,,,,,,,,,,,,,,,,,,,,,,,,,,,,,,,,,,
DPB1*191:01,8L,11G,33E,35F,35FV,36V,56E,56EE,57E,65I,65IE,69E,76M,84GGPM,85GPM,96R,178L,,,,,,,,,,,,,,,,,,,,,,,,,,,,,,,,,,,,,
DPB1*192:01,8L,11G,33E,33EA,35F,35FA,36A,55A,56A,57E,65I,65IK,69K,76M,84GGPM,85GPM,,,,,,,,,,,,,,,,,,,,,,,,,,,,,,,,,,,,,,
DPB1*193:01,8L,11G,33E,33EA,35F,35FA,36A,55A,56A,57E,65I,65IK,69K,76M,84GGPM,85GPM,,,,,,,,,,,,,,,,,,,,,,,,,,,,,,,,,,,,,,
DPB1*194:01,8L,11G,33E,33EA,35F,35FA,36A,55A,56A,57E,65I,65IK,69K,76M,84GGPM,85GPM,,,,,,,,,,,,,,,,,,,,,,,,,,,,,,,,,,,,,,
DPB1*195:01,8L,11G,33E,33EA,35F,35FA,36A,55A,56A,57E,65I,65IK,69K,76M,84GGPM,85GPM,,,,,,,,,,,,,,,,,,,,,,,,,,,,,,,,,,,,,,
DPB1*196:01,8L,11G,33E,35F,35FV,36V,56E,56EE,57E,65I,65IE,69E,76M,84GGPM,85GPM,,,,,,,,,,,,,,,,,,,,,,,,,,,,,,,,,,,,,,,
DPB1*210:01,8L,11G,33E,35F,35FV,36V,56E,56EE,57E,65I,65IK,69K,76M,84GGPM,85GPM,,,,,,,,,,,,,,,,,,,,,,,,,,,,,,,,,,,,,,,
DPB1*211:01,8L,11G,33E,35F,35FV,36V,56E,56EE,57E,65I,65IE,69E,76M,84GGPM,85GPM,,,,,,,,,,,,,,,,,,,,,,,,,,,,,,,,,,,,,,,
DPB1*212:01,8L,11G,33E,33EA,35F,35FA,36A,55A,56A,57E,65I,65IK,69K,76M,84GGPM,85GPM,,,,,,,,,,,,,,,,,,,,,,,,,,,,,,,,,,,,,,
DPB1*213:01,8L,11G,33E,33EA,35F,35FA,36A,55A,56A,57E,65I,65IK,69K,76M,84GGPM,85GPM,,,,,,,,,,,,,,,,,,,,,,,,,,,,,,,,,,,,,,
DPB1*214:01,8L,11G,33E,33EA,35F,35FA,36A,56E,57D,65I,65IK,69K,76M,84GGPM,85GPM,,,,,,,,,,,,,,,,,,,,,,,,,,,,,,,,,,,,,,,
DPB1*215:01,8L,11G,33E,33EA,35F,35FA,36A,56A,65I,65IK,69K,76M,84GGPM,85GPM,,,,,,,,,,,,,,,,,,,,,,,,,,,,,,,,,,,,,,,,
DPB1*217:01,8L,11G,33E,35F,35FV,36V,56E,56EE,57E,65I,65IE,69E,76M,84GGPM,85GPM,,,,,,,,,,,,,,,,,,,,,,,,,,,,,,,,,,,,,,,
DPB1*219:01,8L,11G,33E,35F,35FV,36V,56E,56EE,57E,65I,65IK,69K,76M,84GGPM,85GPM,,,,,,,,,,,,,,,,,,,,,,,,,,,,,,,,,,,,,,,
DPB1*224:01,8L,11G,33E,33EA,35F,35FA,36A,55A,56A,57E,65I,65IK,69K,76M,84GGPM,85GPM,,,,,,,,,,,,,,,,,,,,,,,,,,,,,,,,,,,,,,
DPB1*225:01,8L,11G,33E,33EA,35F,35FA,36A,55A,56A,57E,65I,65IK,69K,76M,84GGPM,85GPM,96R,178L,,,,,,,,,,,,,,,,,,,,,,,,,,,,,,,,,,,,
DPB1*226:01,8L,11G,33E,35LV,36V,55EAE,56A,57E,65I,65IK,69K,76M,84DEAV,,,,,,,,,,,,,,,,,,,,,,,,,,,,,,,,,,,,,,,,,
DPB1*227:01,8L,11G,33E,33EA,36A,55A,56A,57E,65I,65IK,69K,76M,84GGPM,85GPM,,,,,,,,,,,,,,,,,,,,,,,,,,,,,,,,,,,,,,,,
DPB1*228:01,8L,11G,33E,33EA,35F,35FA,36A,55A,56A,57E,65I,65IK,69K,76M,84GGPM,85GPM,,,,,,,,,,,,,,,,,,,,,,,,,,,,,,,,,,,,,,
DPB1*229:01,8L,11G,33E,33EA,35F,35FA,36A,56E,56EE,57E,69E,76M,84GGPM,85GPM,,,,,,,,,,,,,,,,,,,,,,,,,,,,,,,,,,,,,,,,
DPB1*230:01,8L,11G,33E,33EA,35F,35FA,36A,55A,56A,57E,65I,65IK,69K,76M,,,,,,,,,,,,,,,,,,,,,,,,,,,,,,,,,,,,,,,,
DPB1*231:01,8L,11G,33E,33EA,35F,35FA,36A,55A,56A,57E,65I,65IK,69K,76M,84GGPM,85GPM,,,,,,,,,,,,,,,,,,,,,,,,,,,,,,,,,,,,,,
DPB1*232:01,8L,11G,33E,33EA,35F,35FA,36A,55A,56A,57E,65I,65IK,69K,76M,84GGPM,85GPM,,,,,,,,,,,,,,,,,,,,,,,,,,,,,,,,,,,,,,
DPB1*233:01,8L,11G,33E,35F,35FV,36V,55EAE,56A,57E,65I,65IK,69K,76M,84GGPM,85GPM,,,,,,,,,,,,,,,,,,,,,,,,,,,,,,,,,,,,,,,
DPB1*234:01,8L,11G,33E,35F,35FV,36V,56E,57D,65I,65IE,69E,76V,84DEAV,,,,,,,,,,,,,,,,,,,,,,,,,,,,,,,,,,,,,,,,,
DPB1*235:01,8L,11G,33E,35F,35FV,36V,56E,57D,65L,65LE,69E,76M,84GGPM,85GPM,,,,,,,,,,,,,,,,,,,,,,,,,,,,,,,,,,,,,,,,
DPB1*236:01,8L,11G,33E,35F,35FV,36V,56E,56EE,57E,65I,65IE,69E,76I,84GGPM,85GPM,96R,178L,,,,,,,,,,,,,,,,,,,,,,,,,,,,,,,,,,,,,
DPB1*237:01,8L,11G,33E,35F,35FV,36V,56E,56EE,57E,65I,65IE,69E,76M,84GGPM,85GPM,,,,,,,,,,,,,,,,,,,,,,,,,,,,,,,,,,,,,,,
DPB1*238:01,8L,11G,33E,35F,35FV,36V,56E,56EE,57E,65I,65IE,69E,76M,84GGPM,85GPM,,,,,,,,,,,,,,,,,,,,,,,,,,,,,,,,,,,,,,,
DPB1*239:01,8L,11G,33E,35F,35FV,36V,56E,56EE,57E,65I,65IE,69E,76M,84GGPM,85GPM,,,,,,,,,,,,,,,,,,,,,,,,,,,,,,,,,,,,,,,
DPB1*240:01,8L,11G,33E,33EA,35F,35FA,36A,55A,56A,57E,65I,65IK,69K,76M,84GGPM,85GPM,,,,,,,,,,,,,,,,,,,,,,,,,,,,,,,,,,,,,,
DPB1*252:01,8L,11G,33E,35F,35FV,36V,56E,56EE,57E,65I,65IK,69K,76M,84GGPM,85GPM,,,,,,,,,,,,,,,,,,,,,,,,,,,,,,,,,,,,,,,
DPB1*253:01,8L,11G,33E,33EA,35F,35FA,36A,55A,56A,57E,65I,65IK,69K,76M,84GGPM,85GPM,,,,,,,,,,,,,,,,,,,,,,,,,,,,,,,,,,,,,,
DPB1*254:01,8L,11G,33E,33EA,35F,35FA,36A,57E,65I,65IK,69K,76M,84GGPM,85GPM,,,,,,,,,,,,,,,,,,,,,,,,,,,,,,,,,,,,,,,,
DPB1*255:01,8L,11G,33E,33EA,35F,35FA,36A,55A,56A,57E,65I,65IK,69K,76M,84GGPM,85GPM,,,,,,,,,,,,,,,,,,,,,,,,,,,,,,,,,,,,,,
DPB1*256:01,8L,11G,33E,35F,35FV,36V,56E,56EE,57E,65I,65IK,69K,76M,84GGPM,85GPM,,,,,,,,,,,,,,,,,,,,,,,,,,,,,,,,,,,,,,,
DPB1*257:01,8L,11G,33E,35F,35FV,36V,56E,56EE,57E,65I,65IK,69K,76M,84GGPM,85GPM,96R,178M,,,,,,,,,,,,,,,,,,,,,,,,,,,,,,,,,,,,,
DPB1*258:01,8L,11G,33E,35F,35FV,36V,56E,56EE,57E,65I,65IE,69E,76M,84GGPM,85GPM,,,,,,,,,,,,,,,,,,,,,,,,,,,,,,,,,,,,,,,
DPB1*259:01,8L,11G,33E,35F,35FV,36V,56E,57D,65L,65LK,69K,76M,84DEAV,,,,,,,,,,,,,,,,,,,,,,,,,,,,,,,,,,,,,,,,,
DPB1*260:01,8L,11G,33E,35F,35FV,36V,56E,56EE,57E,65I,65IK,69K,76M,84GGPM,85GPM,96R,178M,,,,,,,,,,,,,,,,,,,,,,,,,,,,,,,,,,,,,
DPB1*261:01,8L,11G,33E,35F,35FV,36V,56E,56EE,57E,65I,65IE,69E,76M,84GGPM,85GPM,,,,,,,,,,,,,,,,,,,,,,,,,,,,,,,,,,,,,,,
DPB1*262:01,8L,11G,33E,33EA,35F,35FA,36A,55A,56A,57E,65I,65IK,69K,76M,84GGPM,85GPM,,,,,,,,,,,,,,,,,,,,,,,,,,,,,,,,,,,,,,
DPB1*263:01,8L,11G,33E,35F,35FV,36V,56E,56EE,57E,65I,65IK,69K,76M,84GGPM,85GPM,,,,,,,,,,,,,,,,,,,,,,,,,,,,,,,,,,,,,,,
DPB1*272:01,8L,11G,33E,33EA,35F,35FA,36A,55A,56A,57E,65I,65IK,69K,76M,84GGPM,85GPM,,,,,,,,,,,,,,,,,,,,,,,,,,,,,,,,,,,,,,
DPB1*273:01,8L,11G,33E,35F,35FV,36V,56E,56EE,57E,65I,65IE,69E,76M,84GGPM,85GPM,,,,,,,,,,,,,,,,,,,,,,,,,,,,,,,,,,,,,,,
DPB1*274:01,8L,11G,33E,35F,35FV,36V,56E,56EE,57E,65I,65IK,69K,76M,84GGPM,85GPM,,,,,,,,,,,,,,,,,,,,,,,,,,,,,,,,,,,,,,,
DPB1*275:01,8L,11G,33E,33EA,35F,35FA,36A,55A,56A,57E,65I,65IK,69K,76M,84GGPM,85GPM,,,,,,,,,,,,,,,,,,,,,,,,,,,,,,,,,,,,,,
DPB1*276:01,8L,11G,33E,33EA,35F,35FA,36A,55A,56A,57E,65I,65IK,69K,76M,84GGPM,85GPM,,,,,,,,,,,,,,,,,,,,,,,,,,,,,,,,,,,,,,
DPB1*277:01,8L,11G,33E,33EA,35F,35FA,36A,56E,56EE,57E,65I,65IE,69E,76M,84DEAV,,,,,,,,,,,,,,,,,,,,,,,,,,,,,,,,,,,,,,,
DPB1*278:01,8L,11G,33E,33EA,35F,35FA,36A,55A,56A,57E,65I,65IK,69K,76I,84GGPM,85GPM,,,,,,,,,,,,,,,,,,,,,,,,,,,,,,,,,,,,,,
DPB1*279:01,8L,11G,33E,33EA,35F,35FA,36A,55A,56A,57E,65I,65IK,69K,76M,,,,,,,,,,,,,,,,,,,,,,,,,,,,,,,,,,,,,,,,
DPB1*280:01,8L,11G,33E,33EA,35F,35FA,36A,55A,56A,57E,65I,65IK,69K,76M,,,,,,,,,,,,,,,,,,,,,,,,,,,,,,,,,,,,,,,,
DPB1*281:01,8L,11G,33E,33EA,35F,35FA,36A,55A,56A,57E,65I,65IK,69K,76M,84GGPM,85GPM,,,,,,,,,,,,,,,,,,,,,,,,,,,,,,,,,,,,,,
DPB1*282:01,8L,11G,33E,33EA,35F,35FA,36A,55A,56A,57E,65I,65IK,69K,76M,84GGPM,85GPM,,,,,,,,,,,,,,,,,,,,,,,,,,,,,,,,,,,,,,
DPB1*283:01,8L,11G,33E,33EA,35F,35FA,36A,55A,56A,57E,65I,65IK,69K,76M,84GGPM,85GPM,,,,,,,,,,,,,,,,,,,,,,,,,,,,,,,,,,,,,,
DPB1*284:01,8L,11G,33E,35F,35FV,36V,55EAE,56A,57E,65I,65IK,69K,76M,84DEAV,,,,,,,,,,,,,,,,,,,,,,,,,,,,,,,,,,,,,,,,
DPB1*285:01,8L,11G,33E,35F,35FV,36V,56E,56EE,57E,65L,65LK,69K,76V,84DEAV,,,,,,,,,,,,,,,,,,,,,,,,,,,,,,,,,,,,,,,,
DPB1*286:01,8L,11G,33E,35F,35FV,36V,56E,56EE,57E,65I,65IK,69K,76M,84GGPM,85GPM,,,,,,,,,,,,,,,,,,,,,,,,,,,,,,,,,,,,,,,
DPB1*296:01,8L,11G,33E,33EA,35F,35FA,36A,56E,56EE,57E,65L,65LK,69K,76M,84VGPM,85GPM,96K,178L,,,,,,,,,,,,,,,,,,,,,,,,,,,,,,,,,,,,
DPB1*297:01,8L,11G,33E,35F,35FV,36V,56E,56EE,57E,65I,65IE,69E,76M,84GGPM,85GPM,,,,,,,,,,,,,,,,,,,,,,,,,,,,,,,,,,,,,,,
DPB1*298:01,8L,11G,33E,33EA,35F,35FA,36A,55A,56A,57E,65I,65IK,69K,76M,84GGPM,85GPM,,,,,,,,,,,,,,,,,,,,,,,,,,,,,,,,,,,,,,
DPB1*299:01,8L,11G,35YA,36A,55A,56A,57E,65L,69R,76M,84VGPM,85GPM,,,,,,,,,,,,,,,,,,,,,,,,,,,,,,,,,,,,,,,,,,
DPB1*300:01,8L,11G,33E,35LV,36V,55EAE,56A,57E,65I,65IK,69K,76M,84DEAV,,,,,,,,,,,,,,,,,,,,,,,,,,,,,,,,,,,,,,,,,
DPB1*301:01,8L,11G,33E,35LV,36V,55EAE,56A,57E,65I,65IK,69K,76M,84DEAV,,,,,,,,,,,,,,,,,,,,,,,,,,,,,,,,,,,,,,,,,
DPB1*302:01,8L,11G,33E,33EA,35F,35FA,36A,55EAE,56A,57E,65I,65IE,69E,76M,84GGPM,85GPM,,,,,,,,,,,,,,,,,,,,,,,,,,,,,,,,,,,,,,
DPB1*303:01,8L,11G,33E,33EA,35F,35FA,36A,55A,56A,57E,65I,76M,84GGPM,85GPM,,,,,,,,,,,,,,,,,,,,,,,,,,,,,,,,,,,,,,,,
DPB1*304:01,8L,11G,33E,33EA,35F,35FA,36A,55A,56A,57E,65I,65IE,69E,76I,84DEAV,,,,,,,,,,,,,,,,,,,,,,,,,,,,,,,,,,,,,,,
DPB1*305:01,8L,11G,33E,33EA,35F,35FA,36A,55A,56A,57E,65I,65IE,69E,76M,84DEAV,,,,,,,,,,,,,,,,,,,,,,,,,,,,,,,,,,,,,,,
DPB1*306:01,8L,11G,33E,33EA,35F,35FA,36A,55A,56A,57E,65L,65LK,69K,76V,84GGPM,85GPM,,,,,,,,,,,,,,,,,,,,,,,,,,,,,,,,,,,,,,
DPB1*307:01,8L,11G,33E,35F,35FV,36V,56E,56EE,57E,65I,65IK,69K,76M,84GGPM,85GPM,,,,,,,,,,,,,,,,,,,,,,,,,,,,,,,,,,,,,,,
DPB1*308:01,8L,11G,33E,35F,35FV,36V,56E,56EE,57E,65I,65IK,69K,76M,84GGPM,85GPM,,,,,,,,,,,,,,,,,,,,,,,,,,,,,,,,,,,,,,,
DPB1*309:01,8L,11G,33E,35F,35FV,36V,56E,56EE,57E,65L,69R,76M,84GGPM,85GPM,,,,,,,,,,,,,,,,,,,,,,,,,,,,,,,,,,,,,,,,
DPB1*310:01,8L,11G,33E,35F,35FV,36V,56E,56EE,57E,65I,65IE,69E,76M,84GGPM,85GPM,,,,,,,,,,,,,,,,,,,,,,,,,,,,,,,,,,,,,,,
DPB1*317:01,8L,11G,33E,35LV,36V,55EAE,56A,57E,65I,65IK,69K,76M,84DEAV,,,,,,,,,,,,,,,,,,,,,,,,,,,,,,,,,,,,,,,,,
DPB1*318:01,8L,11G,33E,35F,55A,56A,57E,65I,65IK,69K,76M,84GGPM,85GPM,,,,,,,,,,,,,,,,,,,,,,,,,,,,,,,,,,,,,,,,,
DPB1*319:01,8L,11G,33E,33EA,35F,35FA,36A,55A,56A,57E,65I,65IK,69K,76M,84GGPM,85GPM,,,,,,,,,,,,,,,,,,,,,,,,,,,,,,,,,,,,,,
DPB1*320:01,8L,11G,33E,33EA,35F,35FA,36A,55A,56A,57E,65I,65IK,69K,76M,84GGPM,85GPM,,,,,,,,,,,,,,,,,,,,,,,,,,,,,,,,,,,,,,
DPB1*321:01,8L,11G,33E,35F,35FV,36V,56E,56EE,57E,65I,65IK,69K,76M,84GGPM,85GPM,,,,,,,,,,,,,,,,,,,,,,,,,,,,,,,,,,,,,,,
DPB1*322:01,8L,11G,33E,35F,35FV,36V,55A,56A,57E,65L,69R,76M,84GGPM,85GPM,,,,,,,,,,,,,,,,,,,,,,,,,,,,,,,,,,,,,,,,
DPB1*323:01,8L,11G,33E,33EA,35F,35FA,36A,55A,56A,57E,65I,65IK,69K,76M,84GGPM,85GPM,,,,,,,,,,,,,,,,,,,,,,,,,,,,,,,,,,,,,,
DPB1*330:01,8L,11G,33E,35LV,36V,55EAE,56A,57E,65I,65IK,69K,76M,,,,,,,,,,,,,,,,,,,,,,,,,,,,,,,,,,,,,,,,,,
DPB1*331:01,8L,11G,33E,35LV,36V,55EAE,56A,57E,65I,65IK,69K,76M,84DEAV,,,,,,,,,,,,,,,,,,,,,,,,,,,,,,,,,,,,,,,,,
DPB1*332:01,8L,11G,33E,35LV,36V,56E,57D,65I,65IE,69E,76M,84GGPM,85GPM,,,,,,,,,,,,,,,,,,,,,,,,,,,,,,,,,,,,,,,,,
DPB1*333:01,8L,11G,33E,35LV,36V,55A,56A,57E,65L,65LK,69K,76M,84VGPM,85GPM,,,,,,,,,,,,,,,,,,,,,,,,,,,,,,,,,,,,,,,,
DPB1*334:01,8L,11G,33E,33EA,35F,35FA,36A,55A,56A,57E,65I,65IK,69K,76M,84GGPM,85GPM,,,,,,,,,,,,,,,,,,,,,,,,,,,,,,,,,,,,,,
DPB1*335:01,8L,11G,33E,33EA,35F,35FA,36A,55A,56A,57E,65I,65IK,69K,76M,84GGPM,85GPM,,,,,,,,,,,,,,,,,,,,,,,,,,,,,,,,,,,,,,
DPB1*336:01,8L,11G,33E,33EA,35F,35FA,36A,55A,56A,57E,65I,65IK,69K,76M,84GGPM,85GPM,,,,,,,,,,,,,,,,,,,,,,,,,,,,,,,,,,,,,,
DPB1*337:01,8L,11G,33E,33EA,35F,35FA,36A,55EAE,56A,57E,65I,65IK,69K,76M,84DEAV,,,,,,,,,,,,,,,,,,,,,,,,,,,,,,,,,,,,,,,
DPB1*338:01,8L,11G,33E,35F,35FV,36V,56E,56EE,57E,65I,65IK,69K,76M,84GGPM,85GPM,,,,,,,,,,,,,,,,,,,,,,,,,,,,,,,,,,,,,,,
DPB1*339:01,8L,11G,33E,35F,35FV,36V,56E,56EE,57E,65I,65IE,69E,76M,84GGPM,85GPM,,,,,,,,,,,,,,,,,,,,,,,,,,,,,,,,,,,,,,,
DPB1*340:01,8L,11G,33E,35F,35FV,36V,55A,56A,57E,65I,65IE,69E,76I,84DEAV,,,,,,,,,,,,,,,,,,,,,,,,,,,,,,,,,,,,,,,,
DPB1*341:01,8L,11G,33E,33EA,35F,35FA,36A,55A,56A,57E,65I,65IK,69K,76M,84GGPM,85GPM,,,,,,,,,,,,,,,,,,,,,,,,,,,,,,,,,,,,,,
DPB1*342:01,8L,11G,33E,35F,35FV,36V,56E,56EE,57E,65I,65IK,69K,76M,84GGPM,85GPM,,,,,,,,,,,,,,,,,,,,,,,,,,,,,,,,,,,,,,,
DPB1*350:01,8L,11G,33E,33EA,35F,35FA,36A,55A,56A,57E,65I,65IK,69K,76M,84GGPM,85GPM,96K,178L,,,,,,,,,,,,,,,,,,,,,,,,,,,,,,,,,,,,
DPB1*352:01,8L,11G,33E,35F,35FV,36V,56E,56EE,57E,65I,65IE,69E,76M,84GGPM,85GPM,96K,178L,,,,,,,,,,,,,,,,,,,,,,,,,,,,,,,,,,,,,
DPB1*354:01,8L,11G,35YA,36A,55A,56A,57E,65I,65IK,69K,76M,84GGPM,85GPM,,,,,,,,,,,,,,,,,,,,,,,,,,,,,,,,,,,,,,,,,
DPB1*355:01,8L,11G,33E,33EA,35F,35FA,36A,56E,57D,65L,65LK,69K,76M,84GGPM,85GPM,,,,,,,,,,,,,,,,,,,,,,,,,,,,,,,,,,,,,,,
DPB1*356:01,8L,11G,33E,33EA,35F,35FA,36A,55A,56A,57E,65I,65IK,69K,76M,84GGPM,85GPM,,,,,,,,,,,,,,,,,,,,,,,,,,,,,,,,,,,,,,
DPB1*358:01,8L,11G,33E,35F,35FV,36V,55EAE,56A,57E,65I,65IE,69E,76M,84DEAV,,,,,,,,,,,,,,,,,,,,,,,,,,,,,,,,,,,,,,,,
DPB1*359:01,8L,11G,33E,35F,35FV,36V,56E,56EE,57E,65I,65IE,69E,76M,84GGPM,85GPM,,,,,,,,,,,,,,,,,,,,,,,,,,,,,,,,,,,,,,,
DPB1*360:01,8L,11G,33E,33EA,35F,35FA,36A,55A,56A,57E,65I,65IK,69K,76M,84GGPM,85GPM,,,,,,,,,,,,,,,,,,,,,,,,,,,,,,,,,,,,,,
DPB1*364:01,8L,11G,33E,35F,35FV,36V,56E,56EE,57E,65I,65IK,69K,76M,84GGPM,85GPM,,,,,,,,,,,,,,,,,,,,,,,,,,,,,,,,,,,,,,,
DPB1*365:01,8L,11G,33E,35F,35FV,36V,56E,56EE,57E,65I,65IK,69K,76I,84GGPM,85GPM,,,,,,,,,,,,,,,,,,,,,,,,,,,,,,,,,,,,,,,
DPB1*366:01,8L,11G,33E,35F,35FV,36V,56E,56EE,57E,65I,65IE,69E,76M,84GGPM,85GPM,,,,,,,,,,,,,,,,,,,,,,,,,,,,,,,,,,,,,,,
DPB1*367:01,8L,11G,33E,35F,35FV,36V,56E,56EE,57E,65I,65IE,69E,76M,84GGPM,85GPM,,,,,,,,,,,,,,,,,,,,,,,,,,,,,,,,,,,,,,,
DPB1*372:01,8L,11G,33E,33EA,35F,35FA,36A,55A,56A,57E,65I,65IK,69K,76M,84GGPM,85GPM,,,,,,,,,,,,,,,,,,,,,,,,,,,,,,,,,,,,,,
DPB1*373:01,8L,11G,33E,35F,35FV,36V,56E,56EE,57E,65I,65IK,69K,76M,84GGPM,85GPM,,,,,,,,,,,,,,,,,,,,,,,,,,,,,,,,,,,,,,,
DPB1*374:01,8L,11G,35F,35FV,36V,56E,56EE,57E,65I,65IK,69K,76M,84GGPM,85GPM,,,,,,,,,,,,,,,,,,,,,,,,,,,,,,,,,,,,,,,,
DPB1*375:01,8L,11G,35F,35FA,36A,55A,56A,57E,65I,65IK,69K,76M,84GGPM,85GPM,,,,,,,,,,,,,,,,,,,,,,,,,,,,,,,,,,,,,,,,
DPB1*376:01,8L,11G,33E,33EA,35F,35FA,36A,55A,56A,57E,65I,65IK,69K,76M,84GGPM,85GPM,,,,,,,,,,,,,,,,,,,,,,,,,,,,,,,,,,,,,,
DPB1*377:01,8L,11G,33E,33EA,35F,35FA,36A,55A,56A,57E,65I,65IK,69K,76V,84GGPM,85GPM,,,,,,,,,,,,,,,,,,,,,,,,,,,,,,,,,,,,,,
DPB1*378:01,8L,11G,33E,33EA,35F,35FA,36A,55A,56A,57E,65I,65IK,69K,76M,84GGPM,85GPM,,,,,,,,,,,,,,,,,,,,,,,,,,,,,,,,,,,,,,
DPB1*379:01,8L,11G,33E,35F,35FV,36V,56E,57D,65L,65LK,69K,76I,84DEAV,,,,,,,,,,,,,,,,,,,,,,,,,,,,,,,,,,,,,,,,,
DPB1*380:01,8L,11G,33E,35F,35FV,36V,56E,56EE,57E,65I,65IK,69K,76M,84GGPM,85GPM,,,,,,,,,,,,,,,,,,,,,,,,,,,,,,,,,,,,,,,
DPB1*381:01,8L,11G,33E,35F,35FV,36V,56E,56EE,57E,65I,65IE,69E,76M,84GGPM,85GPM,,,,,,,,,,,,,,,,,,,,,,,,,,,,,,,,,,,,,,,
DPB1*395:01,8L,11G,33E,35LV,36V,55EAE,56A,57E,65I,65IK,69K,76M,84DEAV,,,,,,,,,,,,,,,,,,,,,,,,,,,,,,,,,,,,,,,,,
DPB1*396:01,8L,11G,33E,33EA,35F,35FA,36A,55A,56A,57E,65I,65IK,69K,76M,84GGPM,85GPM,,,,,,,,,,,,,,,,,,,,,,,,,,,,,,,,,,,,,,
DPB1*397:01,8L,11G,33E,33EA,35F,35FA,36A,55A,56A,57E,65I,65IK,69K,76M,84GGPM,85GPM,,,,,,,,,,,,,,,,,,,,,,,,,,,,,,,,,,,,,,
DPB1*398:01,8L,11G,33E,33EA,35F,35FA,36A,55A,56A,57E,65I,65IK,69K,76M,84DEAV,96R,178L,,,,,,,,,,,,,,,,,,,,,,,,,,,,,,,,,,,,,
DPB1*399:01,8L,11G,33E,33EA,35F,35FA,36A,55A,56A,57E,65I,65IK,69K,76M,84GGPM,85GPM,,,,,,,,,,,,,,,,,,,,,,,,,,,,,,,,,,,,,,
DPB1*400:01,8L,11G,33E,35F,35FV,36V,55EAE,56A,57E,65I,65IE,69E,76I,84DEAV,,,,,,,,,,,,,,,,,,,,,,,,,,,,,,,,,,,,,,,,
DPB1*402:01,8L,11G,33E,35F,35FV,36V,56E,56EE,57E,65I,65IK,69K,76M,84GGPM,85GPM,,,,,,,,,,,,,,,,,,,,,,,,,,,,,,,,,,,,,,,
DPB1*406:01,8L,11G,33E,35LV,36V,55EAE,56A,57E,65I,65IE,69E,76M,84GGPM,85GPM,,,,,,,,,,,,,,,,,,,,,,,,,,,,,,,,,,,,,,,,
DPB1*414:01,8L,11G,33E,35F,35FV,36V,56E,56EE,57E,65I,65IE,69E,76M,84GGPM,85GPM,96K,178L,,,,,,,,,,,,,,,,,,,,,,,,,,,,,,,,,,,,,
DPB1*415:01,8L,11G,33E,33EA,35F,35FA,36A,55A,56A,57E,65I,65IK,69K,76M,84GGPM,85GPM,96R,178L,,,,,,,,,,,,,,,,,,,,,,,,,,,,,,,,,,,,
DPB1*416:01,8L,11G,33E,35F,35FV,36V,56E,56EE,57E,65I,65IE,69E,76M,84GGPM,85GPM,96R,178M,,,,,,,,,,,,,,,,,,,,,,,,,,,,,,,,,,,,,
DPB1*418:01,8L,11G,33E,33EA,35F,35FA,36A,55A,56A,57E,65I,65IK,69K,76M,84GGPM,85GPM,,,,,,,,,,,,,,,,,,,,,,,,,,,,,,,,,,,,,,
DPB1*419:01,8L,11G,33E,35F,35FV,36V,56E,56EE,57E,65I,65IE,69E,76M,84GGPM,85GPM,,,,,,,,,,,,,,,,,,,,,,,,,,,,,,,,,,,,,,,
DPB1*420:01,8L,11G,33E,35F,35FV,36V,56E,56EE,57E,65I,65IK,69K,76M,84GGPM,85GPM,,,,,,,,,,,,,,,,,,,,,,,,,,,,,,,,,,,,,,,
DPB1*421:01,8L,11G,33E,35F,35FV,36V,56E,56EE,57E,65I,65IE,69E,76M,84GGPM,85GPM,,,,,,,,,,,,,,,,,,,,,,,,,,,,,,,,,,,,,,,
DPB1*422:01,8L,11G,33E,35F,35FV,36V,56E,56EE,57E,65I,65IE,69E,76I,84DEAV,,,,,,,,,,,,,,,,,,,,,,,,,,,,,,,,,,,,,,,,
DPB1*423:01,8L,11G,33E,35F,56E,56EE,57E,65I,65IE,69E,76M,84GGPM,85GPM,,,,,,,,,,,,,,,,,,,,,,,,,,,,,,,,,,,,,,,,,
DPB1*424:01,8L,11G,33E,35F,35FV,36V,56E,56EE,57E,65I,65IK,69K,76M,84GGPM,85GPM,,,,,,,,,,,,,,,,,,,,,,,,,,,,,,,,,,,,,,,
DPB1*425:01,8L,11G,33E,33EA,35F,35FA,36A,55A,56A,57E,65I,65IK,69K,76M,84GGPM,85GPM,,,,,,,,,,,,,,,,,,,,,,,,,,,,,,,,,,,,,,
DPB1*426:01,8L,11G,33E,33EA,35F,35FA,36A,55A,56A,57E,65I,65IK,69K,76M,84GGPM,85GPM,,,,,,,,,,,,,,,,,,,,,,,,,,,,,,,,,,,,,,
DPB1*427:01,8L,11G,33E,33EA,35F,35FA,36A,57E,65I,65IK,69K,76M,84GGPM,85GPM,,,,,,,,,,,,,,,,,,,,,,,,,,,,,,,,,,,,,,,,
DPB1*428:01,8L,11G,33E,33EA,35F,35FA,36A,55A,56A,57E,65I,65IK,69K,76M,84GGPM,85GPM,,,,,,,,,,,,,,,,,,,,,,,,,,,,,,,,,,,,,,
DPB1*429:01,8L,11G,33E,35F,35FV,36V,56E,56EE,57E,65I,65IK,69K,76M,84GGPM,85GPM,,,,,,,,,,,,,,,,,,,,,,,,,,,,,,,,,,,,,,,
DPB1*430:01,8L,11G,33E,35F,35FV,36V,56E,56EE,57E,65I,65IK,69K,76M,84GGPM,85GPM,,,,,,,,,,,,,,,,,,,,,,,,,,,,,,,,,,,,,,,
DPB1*431:01,8L,11G,33E,35F,35FV,36V,56E,56EE,57E,65I,65IK,69K,76M,,,,,,,,,,,,,,,,,,,,,,,,,,,,,,,,,,,,,,,,,
DPB1*432:01,8L,11G,33E,35F,35FV,36V,56E,56EE,57E,65I,65IE,69E,76M,84GGPM,85GPM,,,,,,,,,,,,,,,,,,,,,,,,,,,,,,,,,,,,,,,
DPB1*433:01,8L,11G,33E,35F,35FV,36V,56E,56EE,57E,65I,65IE,69E,76M,84GGPM,85GPM,,,,,,,,,,,,,,,,,,,,,,,,,,,,,,,,,,,,,,,
DPB1*434:01,8L,11G,33E,33EA,35F,35FA,36A,55A,56A,57E,65I,65IK,69K,76M,84GGPM,85GPM,,,,,,,,,,,,,,,,,,,,,,,,,,,,,,,,,,,,,,
DPB1*435:01,8L,11G,33E,35F,35FV,36V,55A,56A,57E,65I,65IK,69K,76M,84GGPM,85GPM,,,,,,,,,,,,,,,,,,,,,,,,,,,,,,,,,,,,,,,
DPB1*441:01,8L,11G,33E,36V,56E,56EE,57E,65I,65IE,69E,76M,84GGPM,85GPM,,,,,,,,,,,,,,,,,,,,,,,,,,,,,,,,,,,,,,,,,
DPB1*442:01,8L,11G,33E,33EA,35F,35FA,36A,56E,57D,65L,65LK,69K,76V,84DEAV,,,,,,,,,,,,,,,,,,,,,,,,,,,,,,,,,,,,,,,,
DPB1*443:01,8L,11G,33E,35F,35FV,36V,56E,56EE,57E,65I,65IK,69K,76M,84GGPM,85GPM,,,,,,,,,,,,,,,,,,,,,,,,,,,,,,,,,,,,,,,
DPB1*444:01,8L,11G,33E,35F,35FV,36V,56E,56EE,57E,65I,65IE,69E,76M,84GGPM,85GPM,,,,,,,,,,,,,,,,,,,,,,,,,,,,,,,,,,,,,,,
DPB1*451:01,8L,11G,33E,35F,35FV,36V,55A,56A,57E,65L,65LK,69K,76M,84GGPM,85GPM,,,,,,,,,,,,,,,,,,,,,,,,,,,,,,,,,,,,,,,
DPB1*453:01,8L,11G,33E,33EA,35F,35FA,36A,55A,56A,57E,65I,65IK,69K,76M,84GGPM,85GPM,,,,,,,,,,,,,,,,,,,,,,,,,,,,,,,,,,,,,,
DPB1*454:01,8L,11G,33E,33EA,35F,35FA,36A,55A,56A,57E,65I,65IK,69K,76M,,,,,,,,,,,,,,,,,,,,,,,,,,,,,,,,,,,,,,,,
DPB1*456:01,8L,11G,33E,33EA,35F,35FA,36A,55A,56A,57E,65I,65IK,69K,76M,84GGPM,85GPM,,,,,,,,,,,,,,,,,,,,,,,,,,,,,,,,,,,,,,
DPB1*457:01,8L,11G,33E,35F,35FV,36V,56E,56EE,57E,65I,65IE,69E,76M,84GGPM,85GPM,,,,,,,,,,,,,,,,,,,,,,,,,,,,,,,,,,,,,,,
DPB1*459:01,8L,11G,33E,33EA,35F,35FA,36A,55A,56A,57E,65I,65IK,69K,76M,84GGPM,85GPM,96R,178L,,,,,,,,,,,,,,,,,,,,,,,,,,,,,,,,,,,,
DPB1*461:01,8L,11G,33E,35F,35FV,36V,56E,56EE,57E,65I,65IE,69E,76M,84GGPM,85GPM,96K,178L,,,,,,,,,,,,,,,,,,,,,,,,,,,,,,,,,,,,,
DPB1*463:01,8L,11G,33E,35F,35FV,36V,56E,56EE,57E,65I,65IK,69K,76M,84GGPM,85GPM,96K,178L,,,,,,,,,,,,,,,,,,,,,,,,,,,,,,,,,,,,,
DPB1*464:01,8L,11G,33E,33EA,35F,35FA,36A,55A,56A,57E,65I,65IK,69K,76M,84GGPM,85GPM,96R,178L,,,,,,,,,,,,,,,,,,,,,,,,,,,,,,,,,,,,
DPB1*465:01,8L,11G,33E,33EA,35F,35FA,36A,55A,56A,57E,65I,65IK,69K,76M,84GGPM,85GPM,,,,,,,,,,,,,,,,,,,,,,,,,,,,,,,,,,,,,,
DPB1*466:01,8L,11G,33E,35F,35FV,36V,56E,56EE,57E,65I,65IK,69K,76I,84DEAV,,,,,,,,,,,,,,,,,,,,,,,,,,,,,,,,,,,,,,,,
DPB1*467:01,8L,11G,33E,35F,35FV,36V,56E,56EE,57E,65I,65IE,69E,76M,,,,,,,,,,,,,,,,,,,,,,,,,,,,,,,,,,,,,,,,,
DPB1*468:01,8L,11G,33E,33EA,35F,35FA,36A,55A,56A,57E,65I,65IK,69K,76M,84GGPM,85GPM,,,,,,,,,,,,,,,,,,,,,,,,,,,,,,,,,,,,,,
DPB1*469:01,8L,11G,33E,35F,35FV,36V,56E,56EE,57E,65I,65IE,69E,76M,84GGPM,85GPM,,,,,,,,,,,,,,,,,,,,,,,,,,,,,,,,,,,,,,,
DPB1*473:01,8L,11G,33E,35LV,36V,55EAE,56A,57E,65I,65IK,69K,76M,84DEAV,,,,,,,,,,,,,,,,,,,,,,,,,,,,,,,,,,,,,,,,,
DPB1*474:01,8L,11G,33E,33EA,33EYA,35YA,36A,55A,56A,57E,65I,65IE,69E,76M,84GGPM,85GPM,,,,,,,,,,,,,,,,,,,,,,,,,,,,,,,,,,,,,,
DPB1*475:01,8L,11G,33E,33EA,35F,35FA,36A,55A,56A,57E,65I,65IK,69K,76M,84GGPM,85GPM,,,,,,,,,,,,,,,,,,,,,,,,,,,,,,,,,,,,,,
DPB1*476:01,8L,11G,33E,33EA,35F,35FA,36A,55A,56A,57E,65I,65IK,69K,76M,84GGPM,85GPM,,,,,,,,,,,,,,,,,,,,,,,,,,,,,,,,,,,,,,
DPB1*477:01,8L,11G,33E,35F,35FV,36V,56E,56EE,57E,65I,65IK,69K,76M,84GGPM,85GPM,,,,,,,,,,,,,,,,,,,,,,,,,,,,,,,,,,,,,,,
DPB1*478:01,8L,11G,33E,35LV,36V,55EAE,56A,57E,65I,65IE,69E,76M,84GGPM,85GPM,,,,,,,,,,,,,,,,,,,,,,,,,,,,,,,,,,,,,,,,
DPB1*479:01,8L,11G,33E,33EA,35F,35FA,36A,55A,56A,57E,65I,65IK,69K,76M,84GGPM,85GPM,,,,,,,,,,,,,,,,,,,,,,,,,,,,,,,,,,,,,,
DPB1*484:01,8L,11G,33E,35LV,36V,56E,57D,65L,65LK,69K,76M,84VGPM,85GPM,,,,,,,,,,,,,,,,,,,,,,,,,,,,,,,,,,,,,,,,,
DPB1*485:01,8L,11G,33E,33EA,35F,35FA,36A,55A,56A,57E,65I,65IK,69K,76M,84GGPM,85GPM,,,,,,,,,,,,,,,,,,,,,,,,,,,,,,,,,,,,,,
DPB1*486:01,8L,11G,33E,33EA,35F,35FA,36A,55A,56A,57E,65I,65IK,69K,76M,84GGPM,85GPM,,,,,,,,,,,,,,,,,,,,,,,,,,,,,,,,,,,,,,
DPB1*487:01,8L,11G,33E,33EA,35F,35FA,36A,55A,56A,57E,65I,65IK,69K,76M,84GGPM,85GPM,,,,,,,,,,,,,,,,,,,,,,,,,,,,,,,,,,,,,,
DPB1*488:01,8L,11G,33E,35F,35FV,36V,56E,56EE,57E,65I,65IK,69K,76M,84GGPM,85GPM,,,,,,,,,,,,,,,,,,,,,,,,,,,,,,,,,,,,,,,
DPB1*489:01,8L,11G,33E,35F,35FV,36V,56E,56EE,57E,65I,65IE,69E,76M,,,,,,,,,,,,,,,,,,,,,,,,,,,,,,,,,,,,,,,,,
DPB1*494:01,8L,11G,33E,35F,35FV,36V,56E,56EE,57E,65I,65IK,69K,76M,84GGPM,85GPM,,,,,,,,,,,,,,,,,,,,,,,,,,,,,,,,,,,,,,,
DPB1*495:01,8L,11G,33E,35LV,36V,55EAE,56A,57E,65I,65IK,69K,76I,84DEAV,,,,,,,,,,,,,,,,,,,,,,,,,,,,,,,,,,,,,,,,,
DPB1*496:01,8L,11G,33E,35LV,36V,55EAE,56A,57E,65I,65IE,69E,76M,84GGPM,85GPM,,,,,,,,,,,,,,,,,,,,,,,,,,,,,,,,,,,,,,,,
DPB1*497:01,8L,11G,33E,33EA,35F,35FA,36A,55A,56A,57E,65I,65IK,69K,76M,84GGPM,85GPM,,,,,,,,,,,,,,,,,,,,,,,,,,,,,,,,,,,,,,
DPB1*499:01,8L,11G,33E,33EA,35F,35FA,36A,56E,56EE,57E,65L,65LK,69K,76V,84VGPM,85GPM,,,,,,,,,,,,,,,,,,,,,,,,,,,,,,,,,,,,,,
DPB1*500:01,8L,11G,33E,33EA,35F,35FA,36A,55A,56A,57E,65I,65IK,69K,76M,84GGPM,85GPM,,,,,,,,,,,,,,,,,,,,,,,,,,,,,,,,,,,,,,
DPB1*501:01,8L,11G,33E,35F,35FV,36V,56E,56EE,57E,65I,65IE,69E,76M,84GGPM,85GPM,,,,,,,,,,,,,,,,,,,,,,,,,,,,,,,,,,,,,,,
DPB1*502:01,8L,11G,33E,35F,35FV,36V,56E,56EE,57E,65I,65IE,69E,76M,84GGPM,85GPM,,,,,,,,,,,,,,,,,,,,,,,,,,,,,,,,,,,,,,,
DPB1*510:01,8L,11G,33E,35F,35FV,36V,56E,56EE,57E,65I,65IE,69E,76M,84GGPM,85GPM,,,,,,,,,,,,,,,,,,,,,,,,,,,,,,,,,,,,,,,
DPB1*511:01,8L,11G,33E,35F,35FV,36V,56E,56EE,57E,65I,65IE,69E,76M,84GGPM,85GPM,,,,,,,,,,,,,,,,,,,,,,,,,,,,,,,,,,,,,,,
DPB1*512:01,8L,11G,33E,33EA,35F,35FA,36A,55A,56A,57E,65I,65IK,69K,76M,84VGPM,85GPM,,,,,,,,,,,,,,,,,,,,,,,,,,,,,,,,,,,,,,
DPB1*513:01,8L,11G,33E,35F,35FV,36V,56E,56EE,57E,65I,65IE,69E,76M,85GPM,,,,,,,,,,,,,,,,,,,,,,,,,,,,,,,,,,,,,,,,
DPB1*520:01,8L,11G,33E,33EA,35F,35FA,36A,55A,56A,57E,65I,65IK,69K,76M,84GGPM,85GPM,,,,,,,,,,,,,,,,,,,,,,,,,,,,,,,,,,,,,,
DPB1*521:01,8L,11G,33E,33EA,35F,35FA,36A,55A,56A,57E,65I,65IK,69K,76M,84GGPM,85GPM,,,,,,,,,,,,,,,,,,,,,,,,,,,,,,,,,,,,,,
DPB1*522:01,8L,11G,33E,33EA,35F,35FA,36A,55A,56A,57E,65I,65IK,69K,76M,84GGPM,85GPM,,,,,,,,,,,,,,,,,,,,,,,,,,,,,,,,,,,,,,
DPB1*523:01,8L,11G,33E,33EA,35F,35FA,36A,55A,56A,57E,65I,65IK,69K,76M,84GGPM,85GPM,,,,,,,,,,,,,,,,,,,,,,,,,,,,,,,,,,,,,,
DPB1*524:01,8L,11G,33E,33EA,35F,35FA,36A,55A,56A,57E,65I,65IK,69K,76M,84GGPM,85GPM,,,,,,,,,,,,,,,,,,,,,,,,,,,,,,,,,,,,,,
DPB1*525:01,8L,11G,33E,35F,35FV,36V,56E,56EE,57E,65I,65IK,69K,76M,84GGPM,85GPM,,,,,,,,,,,,,,,,,,,,,,,,,,,,,,,,,,,,,,,
DPB1*526:01,8L,11G,33E,35F,35FV,36V,56E,56EE,57E,65I,65IE,69E,76M,84VGPM,85GPM,,,,,,,,,,,,,,,,,,,,,,,,,,,,,,,,,,,,,,,
DPB1*527:01,8L,11G,33E,35LV,36V,55EAE,56A,57E,65I,65IK,69K,76M,84DEAV,,,,,,,,,,,,,,,,,,,,,,,,,,,,,,,,,,,,,,,,,
DPB1*528:01,8L,11G,33E,35F,35FV,36V,56E,56EE,57E,65I,65IE,69E,76M,84GGPM,85GPM,,,,,,,,,,,,,,,,,,,,,,,,,,,,,,,,,,,,,,,
DPB1*529:01,8L,11G,33E,33EA,35F,35FA,36A,55A,56A,57E,65I,65IK,69K,76M,84GGPM,85GPM,,,,,,,,,,,,,,,,,,,,,,,,,,,,,,,,,,,,,,
DPB1*533:01,8L,11G,33E,35F,35FV,36V,55EAE,56A,57E,65I,65IE,69E,76I,84DEAV,96K,178L,,,,,,,,,,,,,,,,,,,,,,,,,,,,,,,,,,,,,,
DPB1*534:01,8L,11G,33E,33EA,35F,35FA,36A,55A,56A,57E,65I,65IK,69K,76M,84GGPM,85GPM,96R,178L,,,,,,,,,,,,,,,,,,,,,,,,,,,,,,,,,,,,
DPB1*535:01,8L,11G,33E,35F,35FV,36V,55EAE,56A,57E,65I,65IE,69E,76I,84DEAV,96R,178L,,,,,,,,,,,,,,,,,,,,,,,,,,,,,,,,,,,,,,
DPB1*537:01,8L,11G,33E,35F,35FV,36V,56E,56EE,57E,65I,65IE,69E,76M,84GGPM,85GPM,,,,,,,,,,,,,,,,,,,,,,,,,,,,,,,,,,,,,,,
DPB1*538:01,8L,11G,33E,33EA,35F,35FA,36A,55A,56A,57E,65I,65IK,69K,76I,84DEAV,,,,,,,,,,,,,,,,,,,,,,,,,,,,,,,,,,,,,,,
DPB1*539:01,8L,11G,33E,35F,35FV,36V,56E,56EE,57E,65I,65IK,69K,76M,84GGPM,85GPM,,,,,,,,,,,,,,,,,,,,,,,,,,,,,,,,,,,,,,,
DPB1*547:01,8L,11G,33E,35LV,36V,55EAE,56A,57E,65I,65IE,69E,76M,84GGPM,85GPM,96K,178L,,,,,,,,,,,,,,,,,,,,,,,,,,,,,,,,,,,,,,
DPB1*549:01,8L,11G,33E,35F,35FV,36V,56E,56EE,57E,65I,65IK,69K,76M,84GGPM,85GPM,,,,,,,,,,,,,,,,,,,,,,,,,,,,,,,,,,,,,,,
DPB1*553:01,8L,11G,33E,33EA,35F,35FA,36A,55A,56A,57E,65I,65IK,69K,76M,84GGPM,85GPM,,,,,,,,,,,,,,,,,,,,,,,,,,,,,,,,,,,,,,
DPB1*554:01,8L,11G,33E,33EA,35F,35FA,36A,55A,56A,57E,65I,65IK,69K,76M,84GGPM,85GPM,,,,,,,,,,,,,,,,,,,,,,,,,,,,,,,,,,,,,,
DPB1*555:01,8L,11G,33E,33EA,35F,35FA,36A,56E,57D,65L,65LE,69E,76M,84GGPM,85GPM,,,,,,,,,,,,,,,,,,,,,,,,,,,,,,,,,,,,,,,
DPB1*556:01,8L,11G,33E,33EA,35F,35FA,36A,55A,56A,57E,65I,65IK,69K,76M,84GGPM,85GPM,,,,,,,,,,,,,,,,,,,,,,,,,,,,,,,,,,,,,,
DPB1*557:01,8L,11G,33E,35F,35FV,36V,56E,56EE,57E,65I,65IE,69E,76M,84GGPM,85GPM,,,,,,,,,,,,,,,,,,,,,,,,,,,,,,,,,,,,,,,
DPB1*558:01,8L,11G,33E,35F,35FV,36V,55EAE,56A,57E,65I,65IE,69E,76I,84DEAV,96R,178L,,,,,,,,,,,,,,,,,,,,,,,,,,,,,,,,,,,,,,
DPB1*559:01,8L,11G,33E,33EA,35F,35FA,36A,55A,56A,57E,65I,65IK,69K,76M,84GGPM,85GPM,,,,,,,,,,,,,,,,,,,,,,,,,,,,,,,,,,,,,,
DPB1*569:01,8L,11G,33E,33EA,35F,35FA,36A,55A,56A,57E,65I,65IK,69K,76M,84GGPM,85GPM,,,,,,,,,,,,,,,,,,,,,,,,,,,,,,,,,,,,,,
DPB1*571:01,8L,11G,33E,35F,35FV,36V,56E,56EE,57E,65I,65IK,69K,76M,84GGPM,85GPM,96R,178L,,,,,,,,,,,,,,,,,,,,,,,,,,,,,,,,,,,,,
DPB1*573:01,8L,11G,33E,35LV,36V,55EAE,56A,57E,65I,65IK,69K,76M,84DEAV,,,,,,,,,,,,,,,,,,,,,,,,,,,,,,,,,,,,,,,,,
DPB1*574:01,8L,11G,33E,33EA,35F,35FA,36A,56E,56EE,57E,65L,65LK,69K,76M,84GGPM,85GPM,,,,,,,,,,,,,,,,,,,,,,,,,,,,,,,,,,,,,,
DPB1*575:01,8L,11G,33E,33EA,35F,35FA,36A,55A,56A,57E,65I,65IK,69K,76M,84GGPM,85GPM,,,,,,,,,,,,,,,,,,,,,,,,,,,,,,,,,,,,,,
DPB1*576:01,8L,11G,33E,35F,35FV,36V,55A,56A,57E,65L,65LE,69E,76M,84GGPM,85GPM,,,,,,,,,,,,,,,,,,,,,,,,,,,,,,,,,,,,,,,
DPB1*577:01,8L,11G,33E,35F,35FV,36V,56E,56EE,57E,65I,65IK,69K,76M,84GGPM,85GPM,,,,,,,,,,,,,,,,,,,,,,,,,,,,,,,,,,,,,,,
DPB1*578:01,8L,11G,33E,33EA,35F,35FA,36A,55A,56A,57E,65I,65IK,69K,76M,84GGPM,85GPM,,,,,,,,,,,,,,,,,,,,,,,,,,,,,,,,,,,,,,
DPB1*579:01,8L,11G,33E,35F,35FV,36V,56E,56EE,57E,65I,65IE,69E,76M,84GGPM,85GPM,,,,,,,,,,,,,,,,,,,,,,,,,,,,,,,,,,,,,,,
DPB1*580:01,8L,11G,33E,35LV,36V,55A,56A,57E,65L,65LK,69K,76M,84VGPM,85GPM,,,,,,,,,,,,,,,,,,,,,,,,,,,,,,,,,,,,,,,,
DPB1*581:01,8L,11G,33E,35F,35FV,36V,56E,57D,69E,76M,84GGPM,85GPM,,,,,,,,,,,,,,,,,,,,,,,,,,,,,,,,,,,,,,,,,,
DPB1*582:01,8L,11G,33E,35F,35FV,36V,56E,56EE,57E,65I,65IE,69E,76M,84GGPM,85GPM,,,,,,,,,,,,,,,,,,,,,,,,,,,,,,,,,,,,,,,
DPB1*583:01,8L,11G,33E,33EA,35F,35FA,36A,55A,56A,57E,65I,65IK,69K,76M,84GGPM,85GPM,,,,,,,,,,,,,,,,,,,,,,,,,,,,,,,,,,,,,,
DPB1*584:01,8L,11G,33E,33EA,33EYA,35YA,36A,55A,56A,57E,65I,65IK,69K,76M,84GGPM,85GPM,96K,178L,,,,,,,,,,,,,,,,,,,,,,,,,,,,,,,,,,,,
DPB1*586:01,8L,11G,33E,35F,35FV,36V,56E,56EE,57E,65I,65IK,69K,76M,84GGPM,85GPM,,,,,,,,,,,,,,,,,,,,,,,,,,,,,,,,,,,,,,,
DPB1*587:01,8L,11G,33E,35LV,36V,55EAE,56A,57E,65I,65IK,69K,76M,84DEAV,,,,,,,,,,,,,,,,,,,,,,,,,,,,,,,,,,,,,,,,,
DPB1*588:01,8L,11G,33E,35LV,36V,55EAE,56A,57E,65I,65IK,69K,76M,84DEAV,,,,,,,,,,,,,,,,,,,,,,,,,,,,,,,,,,,,,,,,,
DPB1*589:01,8L,11G,33E,35LV,36V,55EAE,56A,57E,65I,65IK,69K,76M,,,,,,,,,,,,,,,,,,,,,,,,,,,,,,,,,,,,,,,,,,
DPB1*590:01,8L,11G,33E,35LV,36V,55EAE,56A,57E,65I,65IE,69E,76M,,,,,,,,,,,,,,,,,,,,,,,,,,,,,,,,,,,,,,,,,,
DPB1*591:01,8L,11G,33E,33EA,35F,35FA,36A,55A,56A,57E,65I,65IK,69K,76M,84GGPM,85GPM,,,,,,,,,,,,,,,,,,,,,,,,,,,,,,,,,,,,,,
DPB1*592:01,8L,11G,33E,33EA,35F,35FA,36A,55A,56A,57E,65I,65IK,69K,76M,,,,,,,,,,,,,,,,,,,,,,,,,,,,,,,,,,,,,,,,
DPB1*593:01,8L,11G,33E,33EA,35F,35FA,36A,55A,56A,57E,65I,65IK,69K,76M,84GGPM,85GPM,,,,,,,,,,,,,,,,,,,,,,,,,,,,,,,,,,,,,,
DPB1*594:01,8L,11G,33E,35F,35FV,36V,56E,56EE,57E,65I,65IK,69K,76M,84GGPM,85GPM,,,,,,,,,,,,,,,,,,,,,,,,,,,,,,,,,,,,,,,
DPB1*595:01,8L,11G,33E,35F,35FV,36V,56E,56EE,57E,65I,65IK,69K,76M,84GGPM,85GPM,,,,,,,,,,,,,,,,,,,,,,,,,,,,,,,,,,,,,,,
DPB1*596:01,8L,11G,33E,35F,35FV,36V,56E,56EE,57E,65I,65IK,69K,76M,84GGPM,85GPM,,,,,,,,,,,,,,,,,,,,,,,,,,,,,,,,,,,,,,,
DPB1*602:01,8L,11G,33E,35F,35FV,36V,56E,56EE,57E,65I,65IE,69E,76M,84GGPM,85GPM,,,,,,,,,,,,,,,,,,,,,,,,,,,,,,,,,,,,,,,
DPB1*603:01,8L,11G,33E,35F,56E,56EE,57E,65I,65IE,69E,76M,84GGPM,85GPM,,,,,,,,,,,,,,,,,,,,,,,,,,,,,,,,,,,,,,,,,
DPB1*604:01,8L,11G,33E,35F,35FV,36V,56E,56EE,57E,65I,65IE,69E,76M,84GGPM,85GPM,,,,,,,,,,,,,,,,,,,,,,,,,,,,,,,,,,,,,,,
DPB1*605:01,8L,11G,33E,35F,35FV,36V,56E,65I,65IK,69K,76M,84GGPM,85GPM,,,,,,,,,,,,,,,,,,,,,,,,,,,,,,,,,,,,,,,,,
DPB1*606:01,8L,11G,33E,35F,35FV,36V,56E,56EE,57E,65I,65IK,69K,76M,84GGPM,85GPM,,,,,,,,,,,,,,,,,,,,,,,,,,,,,,,,,,,,,,,
DPB1*607:01,8L,11G,33E,33EA,35F,35FA,36A,55A,56A,57E,65I,65IK,69K,76M,84GGPM,85GPM,,,,,,,,,,,,,,,,,,,,,,,,,,,,,,,,,,,,,,
DPB1*614:01,8L,11G,33E,33EA,35F,35FA,36A,55A,56A,57E,65I,65IK,69K,76M,84GGPM,85GPM,,,,,,,,,,,,,,,,,,,,,,,,,,,,,,,,,,,,,,
DPB1*615:01,8L,11G,33E,33EA,35F,35FA,36A,55A,56A,57E,65I,65IK,69K,76M,84GGPM,85GPM,96R,178L,,,,,,,,,,,,,,,,,,,,,,,,,,,,,,,,,,,,
DPB1*617:01,8L,11G,33E,35F,35FV,36V,56E,56EE,57E,65I,65IE,69E,76M,84GGPM,85GPM,96R,178L,,,,,,,,,,,,,,,,,,,,,,,,,,,,,,,,,,,,,
DPB1*618:01,8L,11G,33E,33EA,35F,35FA,36A,55A,56A,57E,65I,65IK,69K,76M,84GGPM,85GPM,96R,178L,,,,,,,,,,,,,,,,,,,,,,,,,,,,,,,,,,,,
DPB1*619:01,8L,11G,33E,35LV,36V,55EAE,56A,57E,65I,65IK,69K,76M,84DEAV,,,,,,,,,,,,,,,,,,,,,,,,,,,,,,,,,,,,,,,,,
DPB1*620:01,8L,11G,33E,35F,35FV,36V,56E,57D,65L,65LK,69K,76V,84GGPM,85GPM,,,,,,,,,,,,,,,,,,,,,,,,,,,,,,,,,,,,,,,,
DPB1*622:01,8L,11G,33E,35F,35FV,36V,56E,56EE,57E,65I,65IE,69E,76M,84GGPM,85GPM,,,,,,,,,,,,,,,,,,,,,,,,,,,,,,,,,,,,,,,
DPB1*624:01,8L,11G,33E,35F,35FV,36V,56E,56EE,57E,65I,65IK,69K,76M,84GGPM,85GPM,,,,,,,,,,,,,,,,,,,,,,,,,,,,,,,,,,,,,,,
DPB1*625:01,8L,11G,33E,33EA,35F,35FA,36A,55A,56A,57E,65I,65IK,69K,76M,84GGPM,85GPM,,,,,,,,,,,,,,,,,,,,,,,,,,,,,,,,,,,,,,
DPB1*626:01,8L,11G,33E,33EA,35F,35FA,36A,55A,56A,57E,65I,65IE,69E,76V,84GGPM,85GPM,,,,,,,,,,,,,,,,,,,,,,,,,,,,,,,,,,,,,,
DPB1*627:01,8L,11G,33E,35F,35FV,36V,56E,56EE,57E,65I,65IK,69K,76M,84GGPM,85GPM,,,,,,,,,,,,,,,,,,,,,,,,,,,,,,,,,,,,,,,
DPB1*628:01,8L,11G,33E,35F,35FV,36V,56E,56EE,57E,65I,65IE,69E,76M,84GGPM,85GPM,,,,,,,,,,,,,,,,,,,,,,,,,,,,,,,,,,,,,,,
DPB1*637:01,8L,11G,33E,35F,35FV,36V,56E,56EE,57E,65I,65IE,69E,76M,84GGPM,85GPM,,,,,,,,,,,,,,,,,,,,,,,,,,,,,,,,,,,,,,,
DPB1*638:01,8L,11G,33E,35LV,36V,55EAE,56A,57E,69K,76M,84DEAV,,,,,,,,,,,,,,,,,,,,,,,,,,,,,,,,,,,,,,,,,,,
DPB1*639:01,8L,11G,33E,35F,35FV,36V,56E,56EE,57E,65I,65IE,69E,76M,84GGPM,85GPM,,,,,,,,,,,,,,,,,,,,,,,,,,,,,,,,,,,,,,,
DPB1*640:01,8L,11G,33E,35F,35FV,36V,56E,56EE,57E,65I,65IE,69E,76M,84GGPM,85GPM,96R,178L,,,,,,,,,,,,,,,,,,,,,,,,,,,,,,,,,,,,,
DPB1*641:01,8L,11G,33E,35F,56E,56EE,57E,65I,65IE,69E,76M,84GGPM,85GPM,,,,,,,,,,,,,,,,,,,,,,,,,,,,,,,,,,,,,,,,,
DPB1*642:01,8L,11G,33E,33EA,35F,35FA,36A,56A,57E,65I,65IK,69K,76M,84GGPM,85GPM,,,,,,,,,,,,,,,,,,,,,,,,,,,,,,,,,,,,,,,
DPB1*643:01,8L,11G,33E,33EA,35F,35FA,36A,55A,56A,57E,65I,65IK,69K,76M,84GGPM,85GPM,,,,,,,,,,,,,,,,,,,,,,,,,,,,,,,,,,,,,,
DPB1*646:01,8L,11G,33E,35F,35FV,36V,56E,56EE,57E,65I,65IK,69K,76M,84GGPM,85GPM,,,,,,,,,,,,,,,,,,,,,,,,,,,,,,,,,,,,,,,
DPB1*647:01,8L,11G,33E,35F,35FV,36V,56E,56EE,57E,65I,65IK,69K,76M,84GGPM,85GPM,96R,178M,,,,,,,,,,,,,,,,,,,,,,,,,,,,,,,,,,,,,
DPB1*648:01,8L,11G,33E,35F,35FV,36V,56E,57D,65L,65LK,69K,76V,84DEAV,96K,178L,,,,,,,,,,,,,,,,,,,,,,,,,,,,,,,,,,,,,,,
DPB1*652:01,8L,11G,33E,35F,35FV,36V,56E,56EE,57E,65I,65IE,69E,76M,84DEAV,96K,178L,,,,,,,,,,,,,,,,,,,,,,,,,,,,,,,,,,,,,,
DPB1*653:01,8L,11G,33E,35F,35FV,36V,56E,56EE,57E,65I,65IE,69E,76M,84DEAV,96K,178L,,,,,,,,,,,,,,,,,,,,,,,,,,,,,,,,,,,,,,
DPB1*655:01,8L,11G,33E,35F,35FV,36V,56E,56EE,57E,65I,65IE,69E,76M,84GGPM,85GPM,,,,,,,,,,,,,,,,,,,,,,,,,,,,,,,,,,,,,,,
DPB1*656:01,8L,11G,33E,35F,35FV,36V,56E,56EE,57E,65I,65IE,69E,76M,84GGPM,85GPM,,,,,,,,,,,,,,,,,,,,,,,,,,,,,,,,,,,,,,,
DPB1*658:01,8L,11G,33E,33EA,35F,35FA,36A,55A,56A,57E,65I,65IK,69K,76M,84GGPM,85GPM,,,,,,,,,,,,,,,,,,,,,,,,,,,,,,,,,,,,,,
DPB1*659:01,8L,11G,33E,35F,35FV,36V,56E,56EE,57E,65I,76M,84GGPM,85GPM,,,,,,,,,,,,,,,,,,,,,,,,,,,,,,,,,,,,,,,,,
DPB1*660:01,8L,11G,33E,35F,35FV,36V,56E,56EE,57E,65I,65IE,69E,76M,84GGPM,85GPM,,,,,,,,,,,,,,,,,,,,,,,,,,,,,,,,,,,,,,,
DPB1*665:01,8L,11G,33E,35F,35FV,36V,56E,56EE,57E,65I,65IK,69K,76M,84GGPM,85GPM,96R,178L,,,,,,,,,,,,,,,,,,,,,,,,,,,,,,,,,,,,,
DPB1*666:01,8L,11G,33E,33EA,35F,35FA,36A,55A,56A,57E,65I,65IK,69K,76M,84GGPM,85GPM,96R,178L,,,,,,,,,,,,,,,,,,,,,,,,,,,,,,,,,,,,
DPB1*668:01,8L,11G,33E,35LV,36V,55EAE,56A,57E,65I,65IK,69K,76M,84DEAV,96K,178L,,,,,,,,,,,,,,,,,,,,,,,,,,,,,,,,,,,,,,,
DPB1*670:01,8L,11G,33E,33EA,35F,35FA,36A,55A,56A,57E,65I,65IK,69K,76M,84GGPM,85GPM,96R,178L,,,,,,,,,,,,,,,,,,,,,,,,,,,,,,,,,,,,
DPB1*674:01,8L,11G,33E,35F,35FV,36V,56E,56EE,57E,65I,65IK,69K,76M,84GGPM,85GPM,96R,178M,,,,,,,,,,,,,,,,,,,,,,,,,,,,,,,,,,,,,
DPB1*677:01,8L,11G,33E,33EA,35F,35FA,36A,55A,56A,57E,65I,65IK,69K,76M,84GGPM,85GPM,96R,178L,,,,,,,,,,,,,,,,,,,,,,,,,,,,,,,,,,,,
DPB1*678:01,8L,11G,33E,35F,35FV,36V,56E,56EE,57E,65I,65IE,69E,76M,84GGPM,85GPM,96R,178L,,,,,,,,,,,,,,,,,,,,,,,,,,,,,,,,,,,,,
DPB1*26:01,8V,9Y,9YL,11L,33E,33EA,33EYA,35YA,36A,55A,56A,57E,65I,65IK,69K,76V,84DEAV,96K,178L,,,,,,,,,,,,,,,,,,,,,,,,,,,,,,,,,,,
DPB1*27:01,8V,9Y,9YL,11L,33E,33EA,33EYA,35YA,36A,55A,56A,57E,65I,65IK,69K,76M,84DEAV,96K,178L,,,,,,,,,,,,,,,,,,,,,,,,,,,,,,,,,,,
DPB1*36:01,8V,9Y,9YL,11L,33E,35LV,36V,55EAE,56A,57E,65I,65IK,69K,76M,84DEAV,96K,178L,,,,,,,,,,,,,,,,,,,,,,,,,,,,,,,,,,,,,
DPB1*52:01,8V,9Y,9YL,11L,33E,35F,35FV,36V,55A,56A,57E,65L,65LK,69K,76V,84DEAV,,,,,,,,,,,,,,,,,,,,,,,,,,,,,,,,,,,,,,
DPB1*56:01,8V,9Y,9YL,11L,33E,33EA,35F,35FA,36A,55A,56A,57E,65L,65LK,69K,76V,84DEAV,,,,,,,,,,,,,,,,,,,,,,,,,,,,,,,,,,,,,
DPB1*66:01,8V,9H,11L,33E,33EA,35F,35FA,36A,55A,56A,57E,65I,65IK,69K,76M,84GGPM,85GPM,,,,,,,,,,,,,,,,,,,,,,,,,,,,,,,,,,,,,
DPB1*67:01,8V,9H,11L,33E,35F,35FV,36V,55A,56A,57E,65L,65LK,69K,76V,84DEAV,,,,,,,,,,,,,,,,,,,,,,,,,,,,,,,,,,,,,,,
DPB1*74:01,8V,9Y,9YL,11L,35YA,36A,55A,56A,57E,65L,69R,76M,84VGPM,85GPM,,,,,,,,,,,,,,,,,,,,,,,,,,,,,,,,,,,,,,,,
DPB1*85:01,8V,9Y,9YL,11L,33E,33EA,33EYA,35YA,36A,55A,56A,57E,65I,65IK,69K,76M,84DEAV,96K,178L,,,,,,,,,,,,,,,,,,,,,,,,,,,,,,,,,,,
DPB1*87:01,8V,9Y,9YL,11L,33E,35F,35FV,36V,55A,56A,57E,65L,65LK,69K,76M,84DEAV,,,,,,,,,,,,,,,,,,,,,,,,,,,,,,,,,,,,,,
DPB1*89:01,8V,8VG,9Y,11G,33E,33EA,33EYA,35YA,36A,55A,56A,57E,65I,65IK,69K,76M,84DEAV,,,,,,,,,,,,,,,,,,,,,,,,,,,,,,,,,,,,,
DPB1*90:01,8V,8VG,9Y,11G,33E,33EA,35F,35FA,36A,55A,56A,57E,65I,65IK,69K,76V,84DEAV,96K,178L,,,,,,,,,,,,,,,,,,,,,,,,,,,,,,,,,,,
DPB1*104:01,8V,9Y,9YL,11L,33E,35F,35FV,36V,56E,57D,65L,65LK,69K,76V,84DEAV,96K,178L,,,,,,,,,,,,,,,,,,,,,,,,,,,,,,,,,,,,,
DPB1*107:01,8V,9Y,9YL,11L,33E,33EA,33EYA,35YA,36A,55A,56A,57E,65I,65IE,69E,76I,84DEAV,96K,178L,,,,,,,,,,,,,,,,,,,,,,,,,,,,,,,,,,,
DPB1*109:01,8V,9Y,9YL,11L,33E,35F,35FV,36V,56E,56EE,57E,65I,65IE,69E,76M,84GGPM,85GPM,96R,178L,,,,,,,,,,,,,,,,,,,,,,,,,,,,,,,,,,,
DPB1*110:01,8V,9Y,9YL,11L,33E,33EA,35F,35FA,36A,55A,56A,57E,65I,65IE,69E,76I,84DEAV,,,,,,,,,,,,,,,,,,,,,,,,,,,,,,,,,,,,,
DPB1*111:01,8V,9Y,9YL,11L,33E,35F,35FV,36V,56E,57D,65L,65LK,69K,76V,84DEAV,,,,,,,,,,,,,,,,,,,,,,,,,,,,,,,,,,,,,,,
DPB1*113:01,8V,9H,11L,33E,35F,35FV,36V,56E,56EE,57E,65I,65IE,69E,76M,84GGPM,85GPM,,,,,,,,,,,,,,,,,,,,,,,,,,,,,,,,,,,,,,
DPB1*114:01,8V,9Y,9YL,11L,33E,35LV,36V,55EAE,56A,57E,65L,65LK,69K,76V,84DEAV,,,,,,,,,,,,,,,,,,,,,,,,,,,,,,,,,,,,,,,
DPB1*117:01,8V,9Y,9YL,11L,33E,33EA,33EYA,35YA,36A,55A,56A,57E,65I,65IE,69E,76M,84GGPM,85GPM,,,,,,,,,,,,,,,,,,,,,,,,,,,,,,,,,,,,
DPB1*118:01,8V,8VG,9Y,11G,33E,33EA,33EYA,35YA,36A,55A,56A,57E,65I,65IK,69K,76V,84DEAV,,,,,,,,,,,,,,,,,,,,,,,,,,,,,,,,,,,,,
DPB1*119:01,8V,9H,11L,33E,35F,35FV,36V,56E,57D,65L,65LK,69K,76V,,,,,,,,,,,,,,,,,,,,,,,,,,,,,,,,,,,,,,,,,
DPB1*122:01,8V,8VG,9Y,11G,33E,33EA,33EYA,35YA,36A,56E,56EE,57E,65I,65IK,69K,76V,84DEAV,,,,,,,,,,,,,,,,,,,,,,,,,,,,,,,,,,,,,
DPB1*124:01,8V,9Y,9YL,11L,33E,35F,35FV,36V,56E,57D,65L,65LK,69K,76V,84DEAV,96R,178L,,,,,,,,,,,,,,,,,,,,,,,,,,,,,,,,,,,,,
DPB1*125:01,8V,9H,11L,33E,33EA,35F,35FA,36A,55A,56A,57E,65I,65IK,69K,76V,84DEAV,,,,,,,,,,,,,,,,,,,,,,,,,,,,,,,,,,,,,,
DPB1*127:01,8V,8VG,9Y,11G,33E,33EA,33EYA,35YA,36A,55A,56A,57E,65I,65IK,69K,76V,84DEAV,96K,178L,,,,,,,,,,,,,,,,,,,,,,,,,,,,,,,,,,,
DPB1*129:01,8V,9H,11L,33E,35F,35FV,36V,56E,56EE,57E,65I,65IK,69K,76M,84GGPM,85GPM,,,,,,,,,,,,,,,,,,,,,,,,,,,,,,,,,,,,,,
DPB1*130:01,8V,9Y,9YL,11L,33E,35F,35FV,36V,56E,57D,65L,65LK,69K,76M,84DEAV,96K,178L,,,,,,,,,,,,,,,,,,,,,,,,,,,,,,,,,,,,,
DPB1*131:01,8V,9H,11L,33E,35F,35FV,36V,56E,57D,65I,65IE,69E,76M,84DEAV,96K,178L,,,,,,,,,,,,,,,,,,,,,,,,,,,,,,,,,,,,,,
DPB1*132:01,8V,9Y,9YL,11L,33E,35F,35FV,36V,56E,57D,65I,65IK,69K,76V,84DEAV,96K,178L,,,,,,,,,,,,,,,,,,,,,,,,,,,,,,,,,,,,,
DPB1*133:01,8V,9Y,9YL,11L,33E,33EA,33EYA,35YA,36A,55A,56A,57E,65I,65IE,69E,76I,84DEAV,96R,178L,,,,,,,,,,,,,,,,,,,,,,,,,,,,,,,,,,,
DPB1*136:01,8V,9Y,9YL,11L,33E,35F,35FV,36V,56E,56EE,57E,65L,69R,76M,84DEAV,96K,178L,,,,,,,,,,,,,,,,,,,,,,,,,,,,,,,,,,,,,
DPB1*137:01,8V,9H,11L,33E,35F,35FV,36V,56E,56EE,57E,65I,65IE,69E,76M,84DEAV,96R,178L,,,,,,,,,,,,,,,,,,,,,,,,,,,,,,,,,,,,,
DPB1*142:01,8V,9Y,9YL,11L,33E,33EA,33EYA,35YA,36A,55A,56A,57E,65L,65LK,69K,76V,84DEAV,,,,,,,,,,,,,,,,,,,,,,,,,,,,,,,,,,,,,
DPB1*156:01,8V,9H,11L,33E,33EA,35F,35FA,36A,56E,57D,65I,65IE,69E,76M,84DEAV,,,,,,,,,,,,,,,,,,,,,,,,,,,,,,,,,,,,,,,
DPB1*157:01,8V,9H,11L,33E,35F,35FV,36V,56E,57D,65I,65IE,69E,76V,84DEAV,,,,,,,,,,,,,,,,,,,,,,,,,,,,,,,,,,,,,,,,
DPB1*158:01,8V,8VG,9Y,11G,33E,33EA,33EYA,35YA,36A,55A,56A,57E,65I,65IK,69K,76M,84GGPM,85GPM,,,,,,,,,,,,,,,,,,,,,,,,,,,,,,,,,,,,
DPB1*160:01,8V,9Y,9YL,11L,33E,33EA,33EYA,35YA,36A,55A,56A,57E,65I,65IE,69E,76I,,,,,,,,,,,,,,,,,,,,,,,,,,,,,,,,,,,,,,
DPB1*162:01,8V,8VG,9Y,11G,33E,33EA,33EYA,35YA,36A,55A,56A,57E,65I,65IK,69K,76V,84DEAV,96R,178L,,,,,,,,,,,,,,,,,,,,,,,,,,,,,,,,,,,
DPB1*164:01,8V,9Y,9YL,11L,33E,35F,35FV,36V,56E,57D,65L,65LK,69K,76M,84GGPM,85GPM,,,,,,,,,,,,,,,,,,,,,,,,,,,,,,,,,,,,,,
DPB1*167:01,8V,9H,11L,33E,35F,35FV,36V,56E,56EE,57E,65L,65LE,69E,76V,84DEAV,,,,,,,,,,,,,,,,,,,,,,,,,,,,,,,,,,,,,,,
DPB1*168:01,8V,9H,11L,33E,35F,35FV,36V,56E,57D,65I,65IE,69E,76M,84DEAV,96R,178L,,,,,,,,,,,,,,,,,,,,,,,,,,,,,,,,,,,,,,
DPB1*197:01,8V,9H,11L,33E,35F,35FV,36V,56E,57D,65L,65LK,69K,76I,84DEAV,,,,,,,,,,,,,,,,,,,,,,,,,,,,,,,,,,,,,,,,
DPB1*198:01,8V,8VG,9Y,11G,35YA,36A,56E,56EE,57E,65I,65IE,69E,76M,84VGPM,85GPM,,,,,,,,,,,,,,,,,,,,,,,,,,,,,,,,,,,,,,,
DPB1*199:01,8V,8VG,9Y,11G,33E,33EA,35F,35FA,36A,55A,56A,57E,65I,65IK,69K,76M,84GGPM,85GPM,,,,,,,,,,,,,,,,,,,,,,,,,,,,,,,,,,,,
DPB1*200:01,8V,8VG,9Y,11G,33E,35F,35FV,36V,56E,56EE,57E,65I,65IE,69E,76M,84GGPM,85GPM,,,,,,,,,,,,,,,,,,,,,,,,,,,,,,,,,,,,,
DPB1*201:01,8V,8VG,9Y,11G,33E,35F,35FV,36V,55A,56A,57E,65I,65IK,69K,76V,84DEAV,,,,,,,,,,,,,,,,,,,,,,,,,,,,,,,,,,,,,,
DPB1*202:01,8V,9Y,9YL,11L,35YA,36A,55A,56A,57E,65L,69R,76M,84DEAV,,,,,,,,,,,,,,,,,,,,,,,,,,,,,,,,,,,,,,,,,
DPB1*203:01,8V,9Y,9YL,11L,35YA,36A,56E,57D,65L,65LK,69K,76V,84DEAV,,,,,,,,,,,,,,,,,,,,,,,,,,,,,,,,,,,,,,,,,
DPB1*204:01,8V,9Y,9YL,11L,35YA,36A,56E,56EE,57E,65L,69R,76M,84DEAV,,,,,,,,,,,,,,,,,,,,,,,,,,,,,,,,,,,,,,,,,
DPB1*205:01,8V,9Y,9YL,11L,35YA,36A,56E,57D,65L,69R,76M,84DEAV,,,,,,,,,,,,,,,,,,,,,,,,,,,,,,,,,,,,,,,,,,
DPB1*206:01,8V,9Y,9YL,11L,33E,33EA,33EYA,35YA,36A,55A,56A,57E,65I,65IE,69E,76M,84DEAV,,,,,,,,,,,,,,,,,,,,,,,,,,,,,,,,,,,,,
DPB1*207:01,8V,9Y,9YL,11L,33E,33EA,35F,35FA,36A,55A,56A,57E,65L,69R,76M,84DEAV,,,,,,,,,,,,,,,,,,,,,,,,,,,,,,,,,,,,,,
DPB1*208:01,8V,9Y,9YL,11L,33E,35F,35FV,36V,56E,57D,65L,65LE,69E,76M,84DEAV,96K,178L,,,,,,,,,,,,,,,,,,,,,,,,,,,,,,,,,,,,,
DPB1*209:01,8V,9Y,9YL,11L,33E,35F,35FV,36V,55A,56A,57E,65I,65IK,69K,76V,84DEAV,,,,,,,,,,,,,,,,,,,,,,,,,,,,,,,,,,,,,,
DPB1*220:01,8V,8VG,9Y,11G,33E,33EA,33EYA,35YA,36A,55A,56A,57E,65I,65IK,69K,76V,84DEAV,,,,,,,,,,,,,,,,,,,,,,,,,,,,,,,,,,,,,
DPB1*221:01,8V,9Y,9YL,11L,33E,35F,35FV,36V,56E,57D,65L,65LK,69K,76V,84DEAV,,,,,,,,,,,,,,,,,,,,,,,,,,,,,,,,,,,,,,,
DPB1*222:01,8V,9Y,9YL,11L,33E,35F,35FV,36V,56E,57D,65L,65LK,69K,76V,84DEAV,,,,,,,,,,,,,,,,,,,,,,,,,,,,,,,,,,,,,,,
DPB1*241:01,8V,9H,11L,33E,35F,35FV,36V,56E,57D,65I,65IE,69E,76M,84DEAV,,,,,,,,,,,,,,,,,,,,,,,,,,,,,,,,,,,,,,,,
DPB1*242:01,8V,9H,11L,33E,35F,35FV,36V,56E,57D,65L,65LK,69K,76V,,,,,,,,,,,,,,,,,,,,,,,,,,,,,,,,,,,,,,,,,
DPB1*243:01,8V,9H,11L,33E,35F,35FV,36V,56E,57D,65L,65LK,69K,76V,84DEAV,,,,,,,,,,,,,,,,,,,,,,,,,,,,,,,,,,,,,,,,
DPB1*244:01,8V,9H,11L,33E,35F,35FV,36V,55A,56A,57E,65I,65IK,69K,76M,84DEAV,96K,178L,,,,,,,,,,,,,,,,,,,,,,,,,,,,,,,,,,,,,
DPB1*245:01,8V,9H,11L,33E,35F,35FV,36V,56E,57D,65I,65IE,69E,76M,84DEAV,,,,,,,,,,,,,,,,,,,,,,,,,,,,,,,,,,,,,,,,
DPB1*246:01,8V,8VG,9Y,11G,33E,33EA,33EYA,35YA,36A,55A,56A,57E,65I,65IE,69E,76I,84DEAV,,,,,,,,,,,,,,,,,,,,,,,,,,,,,,,,,,,,,
DPB1*247:01,8V,8VG,9Y,11G,33E,33EA,33EYA,35YA,36A,55A,56A,57E,65I,65IE,69E,76M,84DEAV,,,,,,,,,,,,,,,,,,,,,,,,,,,,,,,,,,,,,
DPB1*248:01,8V,8VG,9Y,11G,33E,35F,35FV,36V,56E,57D,65I,65IK,69K,76V,84DEAV,,,,,,,,,,,,,,,,,,,,,,,,,,,,,,,,,,,,,,,
DPB1*249:01,8V,8VG,9Y,11G,33E,35F,35FV,36V,56E,57D,65I,65IE,69E,76V,84DEAV,,,,,,,,,,,,,,,,,,,,,,,,,,,,,,,,,,,,,,,
DPB1*250:01,8V,9Y,9YL,11L,35YA,36A,55A,56A,57E,65L,69R,76M,84DEAV,,,,,,,,,,,,,,,,,,,,,,,,,,,,,,,,,,,,,,,,,
DPB1*264:01,8V,9H,11L,35YA,36A,55A,56A,57E,65L,69R,76M,84DEAV,,,,,,,,,,,,,,,,,,,,,,,,,,,,,,,,,,,,,,,,,,
DPB1*265:01,8V,9H,11L,33E,35LV,36V,56E,56EE,57E,65I,65IE,69E,76V,84DEAV,,,,,,,,,,,,,,,,,,,,,,,,,,,,,,,,,,,,,,,,
DPB1*266:01,8V,9H,11L,33E,35F,35FV,36V,56E,57D,65L,65LE,69E,76V,84DEAV,,,,,,,,,,,,,,,,,,,,,,,,,,,,,,,,,,,,,,,,
DPB1*267:01,8V,8VG,9Y,11G,33E,33EA,33EYA,35YA,36A,55A,56A,57E,65I,65IK,69K,76V,84DEAV,,,,,,,,,,,,,,,,,,,,,,,,,,,,,,,,,,,,,
DPB1*268:01,8V,9Y,9YL,11L,35YA,36A,55A,56A,57E,65L,69R,76M,84DEAV,,,,,,,,,,,,,,,,,,,,,,,,,,,,,,,,,,,,,,,,,
DPB1*269:01,8V,9Y,9YL,11L,33E,33EA,33EYA,35YA,36A,56E,56EE,57E,65I,65IE,69E,76I,84DEAV,,,,,,,,,,,,,,,,,,,,,,,,,,,,,,,,,,,,,
DPB1*270:01,8V,9Y,9YL,11L,33E,35F,35FV,36V,56E,57D,65L,65LK,69K,76V,84DEAV,,,,,,,,,,,,,,,,,,,,,,,,,,,,,,,,,,,,,,,
DPB1*271:01,8V,9Y,9YL,11L,33E,35F,35FV,36V,56E,56EE,57E,65I,65IK,69K,76M,84GGPM,85GPM,,,,,,,,,,,,,,,,,,,,,,,,,,,,,,,,,,,,,
DPB1*287:01,8V,9H,11L,33E,33EA,33EYA,35YA,36A,56E,57D,65I,65IE,69E,76M,84DEAV,,,,,,,,,,,,,,,,,,,,,,,,,,,,,,,,,,,,,,,
DPB1*288:01,8V,9H,11L,33E,33EA,35F,35FA,36A,56E,57D,65I,65IE,69E,76V,84DEAV,,,,,,,,,,,,,,,,,,,,,,,,,,,,,,,,,,,,,,,
DPB1*289:01,8V,9H,11L,33E,35F,35FV,36V,56E,57D,65I,65IE,69E,76V,84DEAV,,,,,,,,,,,,,,,,,,,,,,,,,,,,,,,,,,,,,,,,
DPB1*290:01,8V,8VG,9Y,11G,35YA,36A,55A,56A,57E,65I,76M,84VGPM,85GPM,,,,,,,,,,,,,,,,,,,,,,,,,,,,,,,,,,,,,,,,,
DPB1*291:01,8V,8VG,9Y,11G,33E,33EA,33EYA,35YA,36A,55EAE,56A,57E,65I,65IK,69K,76V,84DEAV,,,,,,,,,,,,,,,,,,,,,,,,,,,,,,,,,,,,,
DPB1*292:01,8V,8VG,9Y,11G,33E,35F,35FV,36V,56E,57D,65I,65IK,69K,76M,84VGPM,85GPM,,,,,,,,,,,,,,,,,,,,,,,,,,,,,,,,,,,,,,
DPB1*293:01,8V,9Y,9YL,11L,33E,35F,35FV,36V,56E,57D,65L,65LK,69K,76V,84DEAV,,,,,,,,,,,,,,,,,,,,,,,,,,,,,,,,,,,,,,,
DPB1*294:01,8V,9Y,9YL,11L,33E,33EA,35F,35FA,36A,55A,56A,57E,65I,65IK,69K,76M,84GGPM,85GPM,,,,,,,,,,,,,,,,,,,,,,,,,,,,,,,,,,,,
DPB1*295:01,8V,9Y,9YL,11L,33E,35F,35FV,36V,55A,56A,57E,65I,65IE,69E,76I,84DEAV,,,,,,,,,,,,,,,,,,,,,,,,,,,,,,,,,,,,,,
DPB1*312:01,8V,9H,11L,33E,35F,35FV,36V,56E,56EE,57E,65I,65IK,69K,76V,84DEAV,,,,,,,,,,,,,,,,,,,,,,,,,,,,,,,,,,,,,,,
DPB1*313:01,8V,9H,11L,33E,35F,35FV,36V,56E,56EE,57E,65I,65IE,69E,76V,84DEAV,,,,,,,,,,,,,,,,,,,,,,,,,,,,,,,,,,,,,,,
DPB1*314:01,8V,9H,11L,33E,35F,35FV,36V,55A,56A,57E,65I,65IE,69E,76V,84DEAV,,,,,,,,,,,,,,,,,,,,,,,,,,,,,,,,,,,,,,,
DPB1*315:01,8V,8VG,9Y,11G,33E,33EA,33EYA,35YA,36A,56A,57E,65I,65IK,69K,76V,84DEAV,,,,,,,,,,,,,,,,,,,,,,,,,,,,,,,,,,,,,,
DPB1*316:01,8V,8VG,9Y,11G,33E,35F,35FV,36V,56E,56EE,57E,65I,65IK,69K,76V,84DEAV,,,,,,,,,,,,,,,,,,,,,,,,,,,,,,,,,,,,,,
DPB1*324:01,8V,9H,11L,33E,35F,35FV,36V,56E,56EE,57E,65I,65IE,69E,76V,84DEAV,,,,,,,,,,,,,,,,,,,,,,,,,,,,,,,,,,,,,,,
DPB1*325:01,8V,9H,11L,33E,35F,35FV,36V,55A,56A,57E,65I,65IE,69E,76M,84DEAV,,,,,,,,,,,,,,,,,,,,,,,,,,,,,,,,,,,,,,,
DPB1*326:01,8V,8VG,9Y,11G,33E,33EA,33EYA,35YA,36A,55A,56A,57E,65I,65IK,69K,76V,84DEAV,,,,,,,,,,,,,,,,,,,,,,,,,,,,,,,,,,,,,
DPB1*327:01,8V,8VG,9Y,11G,33E,33EA,33EYA,35YA,36A,55A,56A,57E,65I,65IK,69K,76V,84DEAV,,,,,,,,,,,,,,,,,,,,,,,,,,,,,,,,,,,,,
DPB1*329:01,8V,9Y,9YL,11L,33E,35F,35FV,36V,56E,57D,65L,65LK,69K,76V,84DEAV,,,,,,,,,,,,,,,,,,,,,,,,,,,,,,,,,,,,,,,
DPB1*343:01,8V,9H,11L,35F,35FV,36V,56E,57D,65I,65IE,69E,76M,84DEAV,,,,,,,,,,,,,,,,,,,,,,,,,,,,,,,,,,,,,,,,,
DPB1*344:01,8V,9H,11L,33E,35F,35FV,36V,56E,56EE,57E,65I,65IE,69E,76V,84GGPM,85GPM,,,,,,,,,,,,,,,,,,,,,,,,,,,,,,,,,,,,,,
DPB1*345:01,8V,8VG,9Y,11G,35YA,36A,55A,56A,57E,65L,69R,76M,84VGPM,85GPM,,,,,,,,,,,,,,,,,,,,,,,,,,,,,,,,,,,,,,,,
DPB1*346:01,8V,8VG,9Y,11G,33E,33EA,33EYA,35YA,36A,55A,56A,57E,65I,65IK,69K,76V,84DEAV,,,,,,,,,,,,,,,,,,,,,,,,,,,,,,,,,,,,,
DPB1*347:01,8V,8VG,9Y,11G,33E,35F,35FV,36V,56E,56EE,57E,65I,65IE,69E,76M,84VGPM,85GPM,,,,,,,,,,,,,,,,,,,,,,,,,,,,,,,,,,,,,
DPB1*348:01,8V,9Y,9YL,11L,33E,33EA,33EYA,35YA,36A,55A,56A,57E,65L,69R,76M,84DEAV,,,,,,,,,,,,,,,,,,,,,,,,,,,,,,,,,,,,,,
DPB1*349:01,8V,9Y,9YL,11L,33E,35F,35FV,36V,56E,56EE,57E,65L,65LE,69E,76M,84DEAV,,,,,,,,,,,,,,,,,,,,,,,,,,,,,,,,,,,,,,
DPB1*351:01,8V,9Y,9YL,11L,33E,35F,35FV,36V,56E,57D,65L,65LK,69K,76V,84DEAV,96R,178M,,,,,,,,,,,,,,,,,,,,,,,,,,,,,,,,,,,,,
DPB1*353:01,8V,9Y,9YL,11L,35YA,36A,55A,56A,57E,65L,69R,84DEAV,96K,178L,,,,,,,,,,,,,,,,,,,,,,,,,,,,,,,,,,,,,,,,
DPB1*361:01,8V,9H,11L,33E,35F,35FV,36V,56E,57D,65I,65IE,69E,76M,84DEAV,,,,,,,,,,,,,,,,,,,,,,,,,,,,,,,,,,,,,,,,
DPB1*362:01,8V,9Y,9YL,11L,33E,33EA,33EYA,35YA,36A,55A,56A,57E,65I,65IE,69E,76I,84DEAV,,,,,,,,,,,,,,,,,,,,,,,,,,,,,,,,,,,,,
DPB1*363:01,8V,9Y,9YL,11L,33E,33EA,33EYA,35YA,36A,56E,57D,65L,65LK,69K,76V,84DEAV,,,,,,,,,,,,,,,,,,,,,,,,,,,,,,,,,,,,,,
DPB1*369:01,8V,8VG,9Y,11G,33E,35F,35FV,36V,56E,56EE,57E,65I,65IK,69K,76M,84GGPM,85GPM,,,,,,,,,,,,,,,,,,,,,,,,,,,,,,,,,,,,,
DPB1*370:01,8V,9Y,9YL,11L,35YA,36A,55A,56A,57E,65I,76M,84DEAV,,,,,,,,,,,,,,,,,,,,,,,,,,,,,,,,,,,,,,,,,,
DPB1*371:01,8V,9Y,9YL,11L,33E,35F,35FV,36V,55A,56A,57E,65L,65LE,69E,76M,84DEAV,,,,,,,,,,,,,,,,,,,,,,,,,,,,,,,,,,,,,,
DPB1*383:01,8V,9H,11L,33E,35F,35FV,36V,56E,57D,65L,65LK,69K,76V,84DEAV,,,,,,,,,,,,,,,,,,,,,,,,,,,,,,,,,,,,,,,,
DPB1*384:01,8V,9H,11L,33E,35LV,36V,56E,57D,65I,65IE,69E,76M,84DEAV,,,,,,,,,,,,,,,,,,,,,,,,,,,,,,,,,,,,,,,,,
DPB1*385:01,8V,9H,11L,33E,33EA,33EYA,35YA,36A,56E,57D,65L,65LK,69K,76V,84DEAV,,,,,,,,,,,,,,,,,,,,,,,,,,,,,,,,,,,,,,,
DPB1*386:01,8V,9H,11L,33E,35F,35FV,36V,56E,57D,65I,65IE,69E,76V,84DEAV,,,,,,,,,,,,,,,,,,,,,,,,,,,,,,,,,,,,,,,,
DPB1*387:01,8V,8VG,9Y,11G,35YA,36A,55A,56A,57E,65I,65IK,69K,76M,84VGPM,85GPM,,,,,,,,,,,,,,,,,,,,,,,,,,,,,,,,,,,,,,,
DPB1*388:01,8V,9Y,9YL,11L,35YA,36A,55A,56A,57E,65L,69R,76M,84DEAV,,,,,,,,,,,,,,,,,,,,,,,,,,,,,,,,,,,,,,,,,
DPB1*389:01,8V,9Y,9YL,11L,35YA,36A,55A,56A,57E,65I,65IE,69E,76I,84DEAV,,,,,,,,,,,,,,,,,,,,,,,,,,,,,,,,,,,,,,,,
DPB1*390:01,8V,9Y,9YL,11L,33E,35F,35FV,36V,55EAE,56A,57E,65I,65IK,69K,76V,84DEAV,,,,,,,,,,,,,,,,,,,,,,,,,,,,,,,,,,,,,,
DPB1*391:01,8V,9Y,9YL,11L,33E,35F,35FV,36V,56E,57D,65L,65LK,69K,76V,84DEAV,,,,,,,,,,,,,,,,,,,,,,,,,,,,,,,,,,,,,,,
DPB1*392:01,8V,9Y,9YL,11L,33E,35F,35FV,36V,55A,56A,57E,65I,65IK,69K,76M,84GGPM,85GPM,,,,,,,,,,,,,,,,,,,,,,,,,,,,,,,,,,,,,
DPB1*393:01,8V,9Y,9YL,11L,33E,33EA,33EYA,35YA,36A,55A,56A,57E,65I,65IE,69E,76I,84DEAV,,,,,,,,,,,,,,,,,,,,,,,,,,,,,,,,,,,,,
DPB1*394:01,8V,9Y,9YL,11L,33E,35LV,36V,56E,57D,65L,65LK,69K,76V,84DEAV,,,,,,,,,,,,,,,,,,,,,,,,,,,,,,,,,,,,,,,,
DPB1*404:01,8V,9Y,9YL,11L,33E,35F,35FV,36V,56E,57D,65L,65LK,69K,76V,84DEAV,,,,,,,,,,,,,,,,,,,,,,,,,,,,,,,,,,,,,,,
DPB1*405:01,8V,9Y,9YL,11L,33E,35F,35FV,36V,56E,57D,65L,65LK,69K,76V,84DEAV,,,,,,,,,,,,,,,,,,,,,,,,,,,,,,,,,,,,,,,
DPB1*407:01,8V,9H,11L,33E,35F,35FV,36V,56E,57D,65I,65IE,69E,76M,84DEAV,,,,,,,,,,,,,,,,,,,,,,,,,,,,,,,,,,,,,,,,
DPB1*408:01,8V,9H,11L,33E,35F,35FV,36V,55EAE,56A,57E,65I,65IE,69E,76M,84DEAV,,,,,,,,,,,,,,,,,,,,,,,,,,,,,,,,,,,,,,,
DPB1*409:01,8V,9H,11L,33E,35F,35FV,36V,56E,57D,65L,65LK,69K,76V,84DEAV,,,,,,,,,,,,,,,,,,,,,,,,,,,,,,,,,,,,,,,,
DPB1*410:01,8V,9H,11L,33E,35F,35FV,36V,56E,56EE,57E,65I,65IE,69E,76V,84DEAV,,,,,,,,,,,,,,,,,,,,,,,,,,,,,,,,,,,,,,,
DPB1*411:01,8V,8VG,9Y,11G,33E,33EA,33EYA,35YA,36A,55A,56A,57E,65L,65LK,69K,76V,84DEAV,,,,,,,,,,,,,,,,,,,,,,,,,,,,,,,,,,,,,
DPB1*412:01,8V,9Y,9YL,11L,33E,33EA,33EYA,35YA,36A,55A,56A,57E,65I,65IK,69K,76I,84DEAV,,,,,,,,,,,,,,,,,,,,,,,,,,,,,,,,,,,,,
DPB1*413:01,8V,9Y,9YL,11L,33E,35F,35FV,36V,56E,57D,65I,65IE,69E,76M,84DEAV,,,,,,,,,,,,,,,,,,,,,,,,,,,,,,,,,,,,,,,
DPB1*417:01,8V,8VG,9Y,11G,33E,33EA,33EYA,35YA,36A,55A,56A,57E,65I,65IK,69K,76V,84DEAV,96K,178L,,,,,,,,,,,,,,,,,,,,,,,,,,,,,,,,,,,
DPB1*436:01,8V,8VG,9Y,11G,33E,33EA,33EYA,35YA,36A,55A,56A,57E,65I,65IK,69K,76V,,,,,,,,,,,,,,,,,,,,,,,,,,,,,,,,,,,,,,
DPB1*437:01,8V,9Y,9YL,11L,35YA,36A,55A,56A,57E,65L,69R,76M,84DEAV,,,,,,,,,,,,,,,,,,,,,,,,,,,,,,,,,,,,,,,,,
DPB1*438:01,8V,9Y,9YL,11L,33E,33EA,33EYA,35YA,36A,55A,56A,57E,65I,65IE,69E,76I,84DEAV,,,,,,,,,,,,,,,,,,,,,,,,,,,,,,,,,,,,,
DPB1*439:01,8V,9Y,9YL,11L,33E,35F,35FV,36V,56E,57D,65L,65LK,69K,76V,84DEAV,,,,,,,,,,,,,,,,,,,,,,,,,,,,,,,,,,,,,,,
DPB1*440:01,8V,8VG,9Y,11G,33E,33EA,33EYA,35YA,36A,55A,56A,57E,65I,65IK,69K,76V,84GGPM,85GPM,96K,178L,,,,,,,,,,,,,,,,,,,,,,,,,,,,,,,,,,
DPB1*445:01,8V,9H,11L,33E,35F,35FV,36V,56E,57D,65L,65LK,69K,76V,84DEAV,,,,,,,,,,,,,,,,,,,,,,,,,,,,,,,,,,,,,,,,
DPB1*446:01,8V,9H,11L,33E,35F,35FV,36V,56E,57D,65L,65LK,69K,76V,84DEAV,,,,,,,,,,,,,,,,,,,,,,,,,,,,,,,,,,,,,,,,
DPB1*447:01,8V,9H,11L,33E,35F,35FV,36V,56E,57D,65I,65IE,69E,76M,84DEAV,,,,,,,,,,,,,,,,,,,,,,,,,,,,,,,,,,,,,,,,
DPB1*448:01,8V,9Y,9YL,11L,33E,35F,35FV,36V,56E,56EE,57E,65I,65IE,69E,76I,84DEAV,,,,,,,,,,,,,,,,,,,,,,,,,,,,,,,,,,,,,,
DPB1*449:01,8V,9Y,9YL,11L,33E,33EA,33EYA,35YA,36A,55A,56A,57E,65I,65IE,69E,76I,84DEAV,,,,,,,,,,,,,,,,,,,,,,,,,,,,,,,,,,,,,
DPB1*458:01,8V,9Y,9YL,11L,33E,35F,35FV,36V,55A,56A,57E,65L,69R,76M,84DEAV,,,,,,,,,,,,,,,,,,,,,,,,,,,,,,,,,,,,,,,
DPB1*460:01,8V,9H,11L,33E,35F,35FV,36V,56E,57D,65I,65IE,69E,76M,84DEAV,96R,178M,,,,,,,,,,,,,,,,,,,,,,,,,,,,,,,,,,,,,,
DPB1*462:01,8V,8VG,9Y,11G,33E,33EA,33EYA,35YA,36A,55A,56A,57E,65I,65IK,69K,76V,84DEAV,96R,178M,,,,,,,,,,,,,,,,,,,,,,,,,,,,,,,,,,,
DPB1*470:01,8V,9H,11L,33E,33EA,35F,35FA,36A,56E,56EE,57E,65I,65IE,69E,76V,84DEAV,,,,,,,,,,,,,,,,,,,,,,,,,,,,,,,,,,,,,,
DPB1*471:01,8V,8VG,9Y,11G,35YA,36A,55A,56A,57E,65L,69R,76M,84VGPM,85GPM,,,,,,,,,,,,,,,,,,,,,,,,,,,,,,,,,,,,,,,,
DPB1*472:01,8V,9Y,9YL,11L,33E,35F,35FV,36V,56E,57D,65L,65LK,69K,76V,84DEAV,,,,,,,,,,,,,,,,,,,,,,,,,,,,,,,,,,,,,,,
DPB1*480:01,8V,8VG,9Y,11G,35YA,36A,55A,56A,57E,65L,69R,76M,84GGPM,85GPM,,,,,,,,,,,,,,,,,,,,,,,,,,,,,,,,,,,,,,,,
DPB1*481:01,8V,8VG,9Y,11G,33E,33EA,33EYA,35YA,36A,55A,56A,57E,65I,65IK,69K,76V,84DEAV,,,,,,,,,,,,,,,,,,,,,,,,,,,,,,,,,,,,,
DPB1*482:01,8V,8VG,9Y,11G,33E,33EA,33EYA,35YA,36A,55A,56A,57E,65L,69R,76M,84VGPM,85GPM,,,,,,,,,,,,,,,,,,,,,,,,,,,,,,,,,,,,,
DPB1*483:01,8V,8VG,9Y,11G,33E,33EA,33EYA,35YA,36A,55A,56A,57E,65I,65IK,69K,76V,84DEAV,,,,,,,,,,,,,,,,,,,,,,,,,,,,,,,,,,,,,
DPB1*490:01,8V,9H,11L,33E,33EA,33EYA,35YA,36A,55A,56A,57E,65I,65IK,69K,76V,84DEAV,,,,,,,,,,,,,,,,,,,,,,,,,,,,,,,,,,,,,,
DPB1*491:01,8V,9H,11L,33E,35F,35FV,36V,56E,57D,65L,65LK,69K,76V,84DEAV,,,,,,,,,,,,,,,,,,,,,,,,,,,,,,,,,,,,,,,,
DPB1*492:01,8V,9H,11L,33E,35F,35FV,36V,56E,57D,65L,65LK,69K,76V,84DEAV,,,,,,,,,,,,,,,,,,,,,,,,,,,,,,,,,,,,,,,,
DPB1*493:01,8V,8VG,9Y,11G,35YA,36A,55A,56A,57E,65L,69R,76M,84VGPM,85GPM,,,,,,,,,,,,,,,,,,,,,,,,,,,,,,,,,,,,,,,,
DPB1*498:01,8V,9H,11L,33E,35F,35FV,36V,56E,57D,65L,65LK,69K,76V,84DEAV,96K,178L,,,,,,,,,,,,,,,,,,,,,,,,,,,,,,,,,,,,,,
DPB1*503:01,8V,9H,11L,33E,33EA,33EYA,35YA,36A,55A,56A,57E,65I,65IE,69E,76I,84DEAV,,,,,,,,,,,,,,,,,,,,,,,,,,,,,,,,,,,,,,
DPB1*504:01,8V,9H,11L,33E,35F,35FV,36V,56E,57D,65I,65IE,69E,76V,84DEAV,,,,,,,,,,,,,,,,,,,,,,,,,,,,,,,,,,,,,,,,
DPB1*505:01,8V,9H,11L,33E,35F,35FV,36V,56E,57D,65I,65IE,69E,76V,84DEAV,,,,,,,,,,,,,,,,,,,,,,,,,,,,,,,,,,,,,,,,
DPB1*506:01,8V,9Y,9YL,11L,33E,35F,56E,57D,65L,65LK,69K,76V,84DEAV,,,,,,,,,,,,,,,,,,,,,,,,,,,,,,,,,,,,,,,,,
DPB1*508:01,8V,9Y,9YL,11L,33E,35F,35FV,36V,56E,57D,65L,65LK,69K,76V,84GGPM,85GPM,,,,,,,,,,,,,,,,,,,,,,,,,,,,,,,,,,,,,,
DPB1*509:01,8V,9Y,9YL,11L,33E,35F,35FV,36V,56E,57D,65L,65LK,69K,76V,84DEAV,,,,,,,,,,,,,,,,,,,,,,,,,,,,,,,,,,,,,,,
DPB1*514:01,8V,9H,11L,33E,33EA,33EYA,35YA,36A,56E,56EE,57E,65I,65IE,69E,76V,84DEAV,,,,,,,,,,,,,,,,,,,,,,,,,,,,,,,,,,,,,,
DPB1*515:01,8V,9H,11L,33E,35F,35FV,36V,56E,56EE,57E,65I,65IE,69E,76V,84DEAV,,,,,,,,,,,,,,,,,,,,,,,,,,,,,,,,,,,,,,,
DPB1*516:01,8V,9Y,33E,33EA,33EYA,35YA,36A,55A,56A,57E,65I,65IK,69K,76V,84DEAV,,,,,,,,,,,,,,,,,,,,,,,,,,,,,,,,,,,,,,,
DPB1*517:01,8V,9Y,9YL,11L,35YA,36A,55A,56A,57E,65L,69R,76M,84DEAV,,,,,,,,,,,,,,,,,,,,,,,,,,,,,,,,,,,,,,,,,
DPB1*518:01,8V,9Y,9YL,11L,33E,33EA,33EYA,35YA,36A,55A,56A,57E,65I,65IE,69E,76I,84DEAV,96K,178L,,,,,,,,,,,,,,,,,,,,,,,,,,,,,,,,,,,
DPB1*519:01,8V,9Y,9YL,11L,33E,33EA,33EYA,35YA,36A,55A,56A,57E,65I,65IE,69E,76I,84DEAV,96K,178L,,,,,,,,,,,,,,,,,,,,,,,,,,,,,,,,,,,
DPB1*530:01,8V,9H,11L,33E,35F,35FV,36V,56E,57D,65I,65IE,69E,76I,84DEAV,,,,,,,,,,,,,,,,,,,,,,,,,,,,,,,,,,,,,,,,
DPB1*531:01,8V,9Y,9YL,11L,35YA,36A,55A,56A,57E,65L,69R,76M,84GGPM,85GPM,,,,,,,,,,,,,,,,,,,,,,,,,,,,,,,,,,,,,,,,
DPB1*532:01,8V,9Y,9YL,11L,33E,35F,35FV,36V,56E,56EE,57E,65I,65IK,69K,76M,84DEAV,,,,,,,,,,,,,,,,,,,,,,,,,,,,,,,,,,,,,,
DPB1*536:01,8V,8VG,9Y,11G,33E,33EA,33EYA,35YA,36A,56E,57D,65I,65IK,69K,76V,84DEAV,96K,178L,,,,,,,,,,,,,,,,,,,,,,,,,,,,,,,,,,,,
DPB1*540:01,8V,9H,11L,33E,35F,35FV,36V,56E,57D,65I,65IK,69K,76M,84GGPM,85GPM,,,,,,,,,,,,,,,,,,,,,,,,,,,,,,,,,,,,,,,
DPB1*541:01,8V,9H,11L,33E,35F,35FV,36V,56E,57D,65I,65IE,69E,76V,84DEAV,,,,,,,,,,,,,,,,,,,,,,,,,,,,,,,,,,,,,,,,
DPB1*542:01,8V,8VG,9Y,11G,33E,33EA,33EYA,35YA,36A,55A,56A,57E,65I,65IK,69K,76V,84DEAV,,,,,,,,,,,,,,,,,,,,,,,,,,,,,,,,,,,,,
DPB1*543:01,8V,8VG,9Y,11G,33E,33EA,33EYA,35YA,36A,55A,56A,57E,65I,65IK,69K,76V,84DEAV,,,,,,,,,,,,,,,,,,,,,,,,,,,,,,,,,,,,,
DPB1*544:01,8V,9Y,9YL,11L,33E,33EA,33EYA,35YA,36A,55A,56A,57E,65I,65IE,69E,76I,,,,,,,,,,,,,,,,,,,,,,,,,,,,,,,,,,,,,,
DPB1*545:01,8V,9Y,9YL,11L,33E,35F,35FV,36V,56E,57D,65L,65LK,69K,76V,84DEAV,,,,,,,,,,,,,,,,,,,,,,,,,,,,,,,,,,,,,,,
DPB1*546:01,8V,9Y,9YL,11L,33E,35F,35FV,36V,56E,57D,65L,65LE,69E,76M,,,,,,,,,,,,,,,,,,,,,,,,,,,,,,,,,,,,,,,,
DPB1*548:01,8V,9Y,9YL,11L,33E,35F,35FV,36V,56E,57D,65L,65LK,69K,76V,84DEAV,,,,,,,,,,,,,,,,,,,,,,,,,,,,,,,,,,,,,,,
DPB1*550:01,8V,9Y,9YL,11L,33E,35LV,36V,55EAE,56A,57E,65I,65IE,69E,76M,84DEAV,,,,,,,,,,,,,,,,,,,,,,,,,,,,,,,,,,,,,,,
DPB1*561:01,8V,8VG,9Y,11G,33E,33EA,33EYA,35YA,36A,55A,56A,57E,65I,65IE,69E,76M,84GGPM,85GPM,,,,,,,,,,,,,,,,,,,,,,,,,,,,,,,,,,,,
DPB1*562:01,8V,9Y,9YL,11L,33E,33EA,33EYA,35YA,36A,55A,56A,57E,65I,65IK,69K,76V,84DEAV,,,,,,,,,,,,,,,,,,,,,,,,,,,,,,,,,,,,,
DPB1*563:01,8V,9Y,9YL,11L,33E,35LV,36V,55A,56A,57E,65I,65IE,69E,76M,84DEAV,,,,,,,,,,,,,,,,,,,,,,,,,,,,,,,,,,,,,,,
DPB1*564:01,8V,9Y,9YL,11L,33E,33EA,33EYA,35YA,36A,55A,56A,57E,65I,65IE,69E,76I,84DEAV,,,,,,,,,,,,,,,,,,,,,,,,,,,,,,,,,,,,,
DPB1*565:01,8V,9Y,9YL,11L,33E,33EA,33EYA,35YA,36A,55A,56A,57E,65I,65IE,69E,76I,84DEAV,,,,,,,,,,,,,,,,,,,,,,,,,,,,,,,,,,,,,
DPB1*566:01,8V,9Y,9YL,11L,33E,33EA,35F,35FA,36A,56E,57D,65L,65LE,69E,76M,84DEAV,,,,,,,,,,,,,,,,,,,,,,,,,,,,,,,,,,,,,,
DPB1*567:01,8V,9Y,9YL,11L,33E,35F,35FV,36V,56E,57D,65L,65LE,69E,76I,84DEAV,,,,,,,,,,,,,,,,,,,,,,,,,,,,,,,,,,,,,,,
DPB1*568:01,8V,9Y,9YL,11L,33E,35F,35FV,36V,56E,57D,65L,65LK,69K,76V,84DEAV,,,,,,,,,,,,,,,,,,,,,,,,,,,,,,,,,,,,,,,
DPB1*572:01,8V,9H,11L,33E,35F,35FV,36V,56E,57D,65L,65LK,69K,76V,84DEAV,96K,178L,,,,,,,,,,,,,,,,,,,,,,,,,,,,,,,,,,,,,,
DPB1*585:01,8V,8VG,9Y,11G,35YA,36A,55A,56A,57E,65L,69R,76M,84VGPM,85GPM,96K,178L,,,,,,,,,,,,,,,,,,,,,,,,,,,,,,,,,,,,,,
DPB1*597:01,8V,9Y,9YL,11L,33E,33EA,33EYA,35YA,36A,55A,56A,57E,65I,65IE,69E,76I,84DEAV,,,,,,,,,,,,,,,,,,,,,,,,,,,,,,,,,,,,,
DPB1*599:01,8V,8VG,9Y,11G,33E,35LV,36V,55A,56A,57E,65I,65IK,69K,76V,84DEAV,,,,,,,,,,,,,,,,,,,,,,,,,,,,,,,,,,,,,,,
DPB1*600:01,8V,9Y,9YL,11L,33E,33EA,33EYA,35YA,36A,55A,56A,57E,65I,65IE,69E,76I,84DEAV,,,,,,,,,,,,,,,,,,,,,,,,,,,,,,,,,,,,,
DPB1*601:01,8V,9Y,9YL,11L,33E,35F,35FV,36V,56E,57D,65L,65LE,69E,76M,84GGPM,85GPM,,,,,,,,,,,,,,,,,,,,,,,,,,,,,,,,,,,,,,
DPB1*608:01,8V,8VG,9Y,11G,33E,35F,35FV,36V,56E,56EE,57E,65I,65IE,69E,76M,84DEAV,,,,,,,,,,,,,,,,,,,,,,,,,,,,,,,,,,,,,,
DPB1*609:01,8V,9Y,9YL,11L,33E,33EA,33EYA,35YA,36A,55A,56A,57E,65I,65IE,69E,76V,84DEAV,,,,,,,,,,,,,,,,,,,,,,,,,,,,,,,,,,,,,
DPB1*610:01,8V,9Y,9YL,11L,33E,35F,35FV,36V,56E,57D,65L,65LK,69K,76V,84DEAV,,,,,,,,,,,,,,,,,,,,,,,,,,,,,,,,,,,,,,,
DPB1*612:01,8V,9Y,9YL,11L,33E,33EA,33EYA,35YA,36A,55A,56A,57E,65I,65IE,69E,76I,84DEAV,,,,,,,,,,,,,,,,,,,,,,,,,,,,,,,,,,,,,
DPB1*613:01,8V,9Y,9YL,11L,33E,35F,35FV,36V,56E,57D,65I,65IK,69K,76M,84DEAV,96K,178L,,,,,,,,,,,,,,,,,,,,,,,,,,,,,,,,,,,,,
DPB1*616:01,8V,8VG,9Y,11G,33E,33EA,33EYA,35YA,36A,55A,56A,57E,65I,65IK,69K,76V,84DEAV,96K,178L,,,,,,,,,,,,,,,,,,,,,,,,,,,,,,,,,,,
DPB1*621:01,8V,9H,11L,33E,35F,35FV,36V,56E,57D,65I,65IK,69K,76V,84DEAV,96K,178L,,,,,,,,,,,,,,,,,,,,,,,,,,,,,,,,,,,,,,
DPB1*623:01,8V,9Y,9YL,11L,35YA,36A,55A,56A,57E,65I,65IK,69K,76M,84DEAV,,,,,,,,,,,,,,,,,,,,,,,,,,,,,,,,,,,,,,,,
DPB1*629:01,8V,9H,11L,33E,35F,35FV,36V,56E,57D,65L,65LK,69K,76V,84DEAV,,,,,,,,,,,,,,,,,,,,,,,,,,,,,,,,,,,,,,,,
DPB1*630:01,8V,9H,11L,33E,35LV,36V,56E,57D,65I,65IE,69E,76V,84DEAV,,,,,,,,,,,,,,,,,,,,,,,,,,,,,,,,,,,,,,,,,
DPB1*631:01,8V,8VG,9Y,11G,33E,33EA,33EYA,35YA,36A,55A,56A,57E,65I,65IE,69E,76V,84DEAV,,,,,,,,,,,,,,,,,,,,,,,,,,,,,,,,,,,,,
DPB1*632:01,8V,8VG,9Y,11G,33E,33EA,33EYA,35YA,36A,55A,56A,57E,65I,65IK,69K,76V,84DEAV,,,,,,,,,,,,,,,,,,,,,,,,,,,,,,,,,,,,,
DPB1*633:01,8V,9Y,9YL,11L,33E,33EA,33EYA,35YA,36A,56E,56EE,57E,65I,65IE,69E,76M,84DEAV,,,,,,,,,,,,,,,,,,,,,,,,,,,,,,,,,,,,,
DPB1*634:01,8V,9Y,9YL,11L,33E,36V,55A,56A,57E,65I,65IE,69E,76I,84DEAV,,,,,,,,,,,,,,,,,,,,,,,,,,,,,,,,,,,,,,,,
DPB1*635:01,8V,9Y,9YL,11L,33E,35F,35FV,36V,55A,56A,57E,65I,65IK,69K,76M,84DEAV,,,,,,,,,,,,,,,,,,,,,,,,,,,,,,,,,,,,,,
DPB1*636:01,8V,9Y,9YL,11L,33E,33EA,33EYA,35YA,36A,55A,56A,57E,65I,65IK,69K,76V,84DEAV,,,,,,,,,,,,,,,,,,,,,,,,,,,,,,,,,,,,,
DPB1*644:01,8V,8VG,9Y,11G,33E,33EA,35F,35FA,36A,55A,56A,57E,65L,69R,76M,84VGPM,85GPM,,,,,,,,,,,,,,,,,,,,,,,,,,,,,,,,,,,,,
DPB1*645:01,8V,9Y,9YL,11L,33E,35F,35FV,36V,56E,57D,65L,65LK,69K,76V,84DEAV,,,,,,,,,,,,,,,,,,,,,,,,,,,,,,,,,,,,,,,
DPB1*649:01,8V,9Y,9YL,11L,35YA,36A,55A,56A,57E,65L,69R,76M,84DEAV,96K,178L,,,,,,,,,,,,,,,,,,,,,,,,,,,,,,,,,,,,,,,
DPB1*650:01,8V,9H,11L,33E,35F,35FV,36V,56E,56EE,57E,65I,65IE,69E,76V,84DEAV,96K,178L,,,,,,,,,,,,,,,,,,,,,,,,,,,,,,,,,,,,,
DPB1*651:01,8V,9H,11L,33E,35F,35FV,36V,56E,57D,65L,65LK,69K,76V,84DEAV,96R,178L,,,,,,,,,,,,,,,,,,,,,,,,,,,,,,,,,,,,,,
DPB1*654:01,8V,9Y,9YL,11L,35YA,36A,55A,56A,57E,65L,69R,76M,84DEAV,96K,178L,,,,,,,,,,,,,,,,,,,,,,,,,,,,,,,,,,,,,,,
DPB1*662:01,8V,9Y,9YL,11L,33E,35F,35FV,36V,56E,57D,65L,65LE,69E,76M,84DEAV,,,,,,,,,,,,,,,,,,,,,,,,,,,,,,,,,,,,,,,
DPB1*663:01,8V,9Y,9YL,11L,35YA,36A,56E,56EE,57E,65I,65IE,69E,76M,84GGPM,85GPM,,,,,,,,,,,,,,,,,,,,,,,,,,,,,,,,,,,,,,,
DPB1*664:01,8V,9Y,9YL,11L,33E,35F,35FV,36V,56E,57D,65L,65LK,69K,76V,84DEAV,,,,,,,,,,,,,,,,,,,,,,,,,,,,,,,,,,,,,,,
DPB1*667:01,8V,8VG,9Y,11G,33E,33EA,33EYA,35YA,36A,55A,56A,57E,65I,65IK,69K,76V,84DEAV,96K,178L,,,,,,,,,,,,,,,,,,,,,,,,,,,,,,,,,,,
DPB1*669:01,8V,9Y,9YL,11L,33E,35F,35FV,36V,56E,57D,65L,65LK,69K,76V,84DEAV,96K,178L,,,,,,,,,,,,,,,,,,,,,,,,,,,,,,,,,,,,,
DPB1*671:01,8V,9H,11L,33E,35F,35FV,36V,56E,57D,65L,65LK,69K,76V,84DEAV,96K,178L,,,,,,,,,,,,,,,,,,,,,,,,,,,,,,,,,,,,,,
DPB1*672:01,8V,9Y,9YL,11L,35YA,36A,55A,56A,57E,65L,69R,76M,84DEAV,96K,178L,,,,,,,,,,,,,,,,,,,,,,,,,,,,,,,,,,,,,,,
DPB1*673:01,8V,9H,11L,33E,35F,35FV,36V,56E,56EE,57E,65I,65IE,69E,76V,84DEAV,96K,178L,,,,,,,,,,,,,,,,,,,,,,,,,,,,,,,,,,,,,
DPB1*675:01,8V,9Y,9YL,11L,33E,35F,35FV,36V,56E,57D,65L,65LK,69K,76V,84DEAV,96K,178L,,,,,,,,,,,,,,,,,,,,,,,,,,,,,,,,,,,,,
DPB1*676:01,8V,9Y,9YL,11L,33E,35F,35FV,36V,56E,57D,65L,65LK,69K,76V,84DEAV,96K,178L,,,,,,,,,,,,,,,,,,,,,,,,,,,,,,,,,,,,,
DPB1*143:01,11G,33E,35F,35FV,36V,56E,56EE,57E,65I,65IK,69K,76M,84GGPM,85GPM,,,,,,,,,,,,,,,,,,,,,,,,,,,,,,,,,,,,,,,,
DPB1*223:01,11G,33E,35LV,36V,55EAE,56A,57E,65I,65IK,69K,76M,84DEAV,,,,,,,,,,,,,,,,,,,,,,,,,,,,,,,,,,,,,,,,,,
DPB1*452:01,11G,33E,35F,35FV,36V,56E,56EE,57E,65I,65IE,69E,76M,84GGPM,85GPM,,,,,,,,,,,,,,,,,,,,,,,,,,,,,,,,,,,,,,,,
DPB1*251:01,33E,35F,35FV,36V,56E,57D,65I,65IE,69E,76M,84DEAV,,,,,,,,,,,,,,,,,,,,,,,,,,,,,,,,,,,,,,,,,,,
DPB1*311:01,33E,35F,35FV,36V,56E,56EE,57E,65I,65IE,69E,76M,84GGPM,85GPM,,,,,,,,,,,,,,,,,,,,,,,,,,,,,,,,,,,,,,,,,
DPB1*368:01,33E,35F,35FV,36V,56E,56EE,57E,65I,65IK,69K,76M,84GGPM,85GPM,,,,,,,,,,,,,,,,,,,,,,,,,,,,,,,,,,,,,,,,,
DPB1*552:01,33E,35F,35FV,36V,56E,56EE,57E,65I,65IE,69E,76V,84DEAV,,,,,,,,,,,,,,,,,,,,,,,,,,,,,,,,,,,,,,,,,,
DPB1*560:01,33E,35LV,36V,55EAE,56A,57E,65I,65IK,69K,76M,84DEAV,,,,,,,,,,,,,,,,,,,,,,,,,,,,,,,,,,,,,,,,,,,
DPB1*611:01,33E,35LV,36V,55EAE,56A,57E,65I,65IK,69K,76M,84DEAV,,,,,,,,,,,,,,,,,,,,,,,,,,,,,,,,,,,,,,,,,,,
DPA1*01:03,11A,28E,31M,50Q,127L,160F,190T,,,,,,,,,,,,,,,,,,,,,,,,,,,,,,,,,,,,,,,,,,,,,,,
DPA1*01:04,11A,28D,31M,50Q,127L,160F,190T,,,,,,,,,,,,,,,,,,,,,,,,,,,,,,,,,,,,,,,,,,,,,,,
DPA1*01:05,11A,28E,31M,50Q,83A,,,,,,,,,,,,,,,,,,,,,,,,,,,,,,,,,,,,,,,,,,,,,,,,,
DPA1*01:06,11A,28E,31Q,50Q,,,,,,,,,,,,,,,,,,,,,,,,,,,,,,,,,,,,,,,,,,,,,,,,,,
DPA1*01:07,11A,28E,31M,,,,,,,,,,,,,,,,,,,,,,,,,,,,,,,,,,,,,,,,,,,,,,,,,,,
DPA1*01:08,11A,28D,31M,50R,,,,,,,,,,,,,,,,,,,,,,,,,,,,,,,,,,,,,,,,,,,,,,,,,,
DPA1*01:09,11A,28E,31M,50Q,,,,,,,,,,,,,,,,,,,,,,,,,,,,,,,,,,,,,,,,,,,,,,,,,,
DPA1*01:10,11A,28E,31M,50Q,,,,,,,,,,,,,,,,,,,,,,,,,,,,,,,,,,,,,,,,,,,,,,,,,,
DPA1*01:11,11A,28E,31M,50R,,,,,,,,,,,,,,,,,,,,,,,,,,,,,,,,,,,,,,,,,,,,,,,,,,
DPA1*02:01,11A,28E,31Q,50R,83A,111R,127P,160V,190T,,,,,,,,,,,,,,,,,,,,,,,,,,,,,,,,,,,,,,,,,,,,,
DPA1*02:03,11A,28E,31M,50R,83A,,,,,,,,,,,,,,,,,,,,,,,,,,,,,,,,,,,,,,,,,,,,,,,,,
DPA1*04:01,11A,28D,31M,50R,83A,127P,160V,190A,,,,,,,,,,,,,,,,,,,,,,,,,,,,,,,,,,,,,,,,,,,,,,
DPA1*02:02,11M,28E,31Q,50R,83A,111R,127P,160V,190T,,,,,,,,,,,,,,,,,,,,,,,,,,,,,,,,,,,,,,,,,,,,,
DPA1*02:04,11M,28E,31Q,50R,83A,,,,,,,,,,,,,,,,,,,,,,,,,,,,,,,,,,,,,,,,,,,,,,,,,
DPA1*03:01,11M,28E,31M,50Q,66S,127L,160F,190T,,,,,,,,,,,,,,,,,,,,,,,,,,,,,,,,,,,,,,,,,,,,,,
DPA1*03:02,11M,28E,31M,50Q,,,,,,,,,,,,,,,,,,,,,,,,,,,,,,,,,,,,,,,,,,,,,,,,,,
DPA1*03:03,11M,28D,31M,50Q,66S,,,,,,,,,,,,,,,,,,,,,,,,,,,,,,,,,,,,,,,,,,,,,,,,,
DPB1*,,,,,,,,,,,,,,,,,,,,,,,,,,,,,,,,,,,,,,,,,,,,,,,,,,,,,,
DPA1*,,,,,,,,,,,,,,,,,,,,,,,,,,,,,,,,,,,,,,,,,,,,,,,,,,,,,,
