allele;eplet1;eplet2;eplet3;eplet4;eplet5;eplet6;eplet7;eplet8;eplet9;eplet10;eplet11;eplet12;eplet13;eplet14;eplet15;eplet16;eplet17;eplet18;eplet19;eplet20;eplet21;eplet22;eplet23;eplet24;eplet25;eplet26;eplet27;eplet28;eplet29;eplet30;eplet31;eplet32
DQB1*06:01;3P;23R;45G;45GV;46VY;52PQ;55R;55RPD;56P;56PD;66D;66DR;70RT;74EL;77T;86A;87F;125G;130R;135D;167H;182S;185T;rq26Y;rqp57D;rq77TV;;;;;;
DQB1*02:01;3S;9Y;13GM;23R;26L;45G;52LL;56P;56PA;66D;66DR;75V;77R;84QL;130R;135D;167R;182S;185T;rqp57A;rqp67IK;rq70RK/R;rq74AV;qp77RV;;;;;;;;
DQB1*02:02;3S;9Y;13GM;23R;26L;45G;52LL;56P;56PA;66D;66DR;75V;77R;84QL;130R;135G;167R;182S;185T;rqp57A;rqp67IK;rq70RK/R;rq74AV;qp77RV;;;;;;;;
DQB1*03:01;3S;9Y;23R;37YA;45EV;46VY;55PP;55PPD;56P;56PD;66ER;66EV;67VT;70RT;74EL;77T;84QL;130R;135D;167H;182N;185T;rq26Y;rqp37YA;rqp57D;rq77TV;rq140TV;;;;;
DQB1*03:02;3S;9Y;13GM;23R;26L;37YA;45G;45GV;46VY;55PP;55PPA;56P;56PA;66ER;66EV;67VT;70RT;74EL;77T;84QL;130R;135D;167R;182N;185I;rqp37YA;rqp57A;rq77TV;rq140TV;;;
DQB1*03:03;3S;9Y;13GM;23R;26L;37YA;45G;45GV;46VY;55PP;55PPD;56P;56PD;66ER;66EV;67VT;70RT;74EL;77T;84QL;130R;135D;167R;182N;185I;rqp37YA;rqp57D;rq77TV;rq140TV;;;
DQB1*03:04;3S;9Y;23R;37YA;45EV;46VY;55PP;55PPA;56P;56PA;66ER;66EV;67VT;70RT;74EL;77T;84QL;130R;135D;167H;182N;185T;;;;;;;;;;
DQB1*03:05;3S;9Y;13GM;23R;37YA;45G;45GV;46VY;55PP;55PPA;56P;56PA;66ER;66EV;67VT;70RT;74EL;77T;84QL;130R;135D;167R;182N;185I;;;;;;;;
DQB1*03:08;3S;9Y;13GM;23R;26L;37YA;45G;45GV;46VY;55PP;55PPA;56P;56PA;66EV;67VG;67VT;70GT;74EL;77T;84QL;130R;135D;167R;182N;185I;;;;;;;
DQB1*03:09;3S;9Y;23R;37YA;45EV;46VY;55PP;55PPD;56P;56PD;66ER;66EV;67VT;70RT;74EL;77T;84QL;130R;135D;167H;182N;185T;;;;;;;;;;
DQB1*03:10;3S;9Y;23R;37YA;45G;45GV;46VY;55PP;55PPD;56P;56PD;66ER;66EV;67VT;70RT;74EL;77T;84QL;130R;135D;167H;182N;185T;;;;;;;;;
DQB1*03:12;3S;9Y;23R;26L;37YA;45G;45GV;46VY;55PP;55PPD;56P;56PD;66ER;66EV;67VT;70RT;74EL;77T;84QL;130R;135D;185T;;;;;;;;;;
DQB1*03:19;3S;9Y;23R;37YA;45EV;46VY;55PP;55PPD;56P;56PD;66ER;66EV;67VT;70RT;74EL;77T;84QL;130R;135D;167H;182N;185I;;;;;;;;;;
DQB1*04:01;3S;9F;13GM;23L;37YA;45G;45GV;46VY;55R;56L;66D;74S;75V;77T;84QL;130R;135D;167R;182N;185I;rqp37YA;rqp57D;qp67IE;rq75VT;rq77TV;rq140TV;;;;;;
DQB1*04:02;3S;9F;13GM;23R;37YA;45G;45GV;46VY;55R;56L;66D;74S;75V;77T;84QL;130R;135D;167R;182N;185I;rqp37YA;rqp57D;qp67IE;rq75VT;rq77TV;rq140TV;;;;;;
DQB1*05:01;3S;9Y;23R;30H;37YV;45G;45GV;46VY;52PQ;55R;56P;57V;66EV;67VG;74S;75V;77R;86A;87Y;116I;125SQ;130R;135D;167R;182S;185T;rq37YV;rq57V;qp77RV;;;
DQB1*05:02;3S;9Y;23R;30H;37YV;45G;45GV;46VY;52PQ;55R;56P;56PS;66EV;67VG;74S;75V;77R;86A;87Y;116I;130R;135D;167R;182S;185T;rq57S;;;;;;
DQB1*05:03;3S;9Y;23R;30H;37YV;45G;45GV;46VY;52PQ;55R;55RPD;56P;56PD;66EV;67VG;74S;75V;77R;86A;87Y;116I;125SQ;130R;135D;167R;182S;185T;rq37YV;rqp57D;qp77RV;;
DQB1*05:04;3S;9Y;23R;37YV;45G;45GV;46VY;52PQ;55R;56P;56PS;66D;74S;75V;77R;86A;87Y;116I;130R;135D;167R;182S;185T;rq57S;;;;;;;;
DQB1*05:12;3S;9Y;23R;30H;37YV;45G;45GV;46VY;52PQ;55R;56P;57V;66EV;67VG;74S;75V;77R;86A;87Y;116I;125SQ;130R;135D;167R;182S;185T;;;;;;
DQB1*06:02;3S;9F;13GM;23R;26L;37YA;45G;45GV;46VY;52PQ;55R;55RPD;56P;56PD;66EV;67VG;67VT;70GT;74EL;77T;86A;87F;125G;130R;135D;167R;182S;185T;rqp37YA;rqp57D;rq77TV;
DQB1*06:03;3S;9Y;13GM;23R;26L;30H;37YA;45G;45GV;46VY;52PQ;55R;55RPD;56P;56PD;66EV;67VG;67VT;70GT;74EL;77T;86A;87F;125G;130R;135D;167R;182S;185T;rqp37YA;rqp57D;rq77TV
DQB1*06:04;3S;9Y;13GM;23R;26L;30H;37YA;45G;45GV;46VY;52PQ;55R;56P;57V;66ER;66EV;67VT;70RT;74EL;77T;87Y;125G;130Q;135D;167R;182S;185T;rqp37YA;rq57V;rq77TV;;
DQB1*06:05;3S;9Y;23R;26L;37YA;45G;45GV;46VY;52PQ;55R;56P;57V;66ER;66EV;67VT;70RT;74EL;77T;87Y;125G;130Q;135D;167R;182S;185T;;;;;;;
DQB1*06:07;3S;9Y;13GM;23R;26L;30H;37YA;45G;45GV;46VY;52PQ;55R;55RPD;56P;56PD;66ER;66EV;67VT;70RT;74EL;77T;87Y;125G;130Q;135D;167R;182S;185T;;;;
DQB1*06:08;3S;9Y;13GM;23R;26L;30H;37YA;45G;45GV;46VY;52PQ;55R;56P;57V;66EV;67VG;67VT;70GT;74EL;77T;86A;87F;125G;130R;135D;167R;182S;185T;;;;
DQB1*06:09;3S;9Y;13GM;23R;26L;37YA;45G;45GV;46VY;52PQ;55R;56P;57V;66ER;66EV;67VT;70RT;74EL;77T;87Y;125G;130Q;135D;167R;182S;185T;rqp37YA;rq57V;rq77TV;;;
DQB1*06:10;3S;9F;13GM;23R;26L;37YA;45G;45GV;46VY;52PQ;55R;56P;56PS;66EV;67VG;67VT;70GT;74EL;77T;86A;87F;125G;130R;135D;167R;182S;185T;rq57S;;;;
DQB1*06:11;3S;9Y;13GM;23R;26L;37YA;45G;45GV;46VY;52PQ;55R;55RPD;56P;56PD;66EV;67VG;67VT;70GT;74EL;77T;86A;87F;125G;130R;135D;167R;182S;185T;;;;
DQB1*06:12;3S;9Y;13GM;23R;26L;37YA;45G;45GV;46VY;52PQ;55R;56P;57V;66EV;67VG;67VT;70GT;74EL;77T;87Y;125G;130Q;135D;167R;182S;185T;;;;;;
DQB1*06:13;3S;9F;13GM;23R;26L;37YA;45G;45GV;46VY;52PQ;55R;56P;57V;66EV;67VG;67VT;70GT;74EL;77T;86A;87F;125G;130R;135D;167R;182S;185T;;;;;
DQB1*06:14;3S;9F;13GM;23R;26L;30H;37YA;45G;45GV;46VY;52PQ;55R;55RPD;56P;56PD;66EV;67VG;67VT;70GT;74EL;77T;86A;87F;125G;130R;135D;167R;182S;185T;;;
DQB1*06:16;3S;9F;13GM;23R;26L;37YA;45G;45GV;46VY;52PQ;55R;55RPD;56P;56PD;66EV;67VG;67VT;70GT;74EL;77T;86A;87F;125G;130R;135D;167R;182S;185T;;;;
DQB1*06:20;3S;9F;23R;26L;37YA;45G;45GV;46VY;52PQ;55R;55RPD;56P;56PD;66EV;67VG;67VT;70GT;74EL;77T;86A;87F;125G;130R;135D;167R;182S;185T;;;;;
DQB1*06:33;3S;9F;13GM;23R;26L;37YA;45G;45GV;46VY;52PQ;55R;55RPD;56P;56PD;66EV;67VG;67VT;70GT;74EL;77T;86A;87F;125G;130R;135D;167R;182S;185T;;;;
DQB1*06:37;3S;9F;13GM;23R;26L;37YA;45G;45GV;46VY;52PQ;55R;55RPD;56P;56PD;66ER;66EV;67VT;70RT;74EL;77T;86A;87F;125G;130R;135D;167R;182S;185T;;;;
DQB1*06:44;3S;9Y;13GM;23R;26L;30H;37YA;45G;45GV;46VY;52PQ;55R;55RPD;56P;56PD;66EV;67VG;67VT;70GT;74EL;77T;86A;87F;125G;130R;135D;167R;182S;185T;;;
DQB1*06:46;3S;9F;13GM;23R;26L;37YA;45G;45GV;46VY;52PQ;55R;55RPD;56P;56PD;66EV;67VG;67VT;70GT;74EL;77T;87Y;125G;130R;135D;167R;182S;185T;;;;;
DQB1*06:48;3S;9F;13GM;23R;26L;37YA;45G;45GV;46VY;52PQ;55R;55RPD;56P;56PD;66ER;66EV;67VT;70RT;74EL;77T;86A;87F;125G;130R;135D;167R;182S;185T;;;;
DQB1*06:49;3S;9F;23R;26L;37YA;45G;45GV;46VY;52PQ;55R;55RPD;56P;56PD;66EV;67VG;67VT;70GT;74EL;77T;86A;87F;125G;130R;135D;167R;182S;185T;;;;;
DQB1*03:30;9F;13GM;23R;26L;37YA;45G;45GV;46VY;55PP;55PPD;56P;56PD;66ER;66EV;67VT;70RT;74EL;77T;84QL;130R;135D;167R;182N;185I;;;;;;;;
DQB1*04:03;9F;13GM;23R;26L;37YA;45G;45GV;46VY;55R;56L;66D;74S;75V;77T;84QL;182N;;;;;;;;;;;;;;;;
DQB1*04:06;9F;13GM;23L;37YA;45G;45GV;46VY;56L;66D;74S;75V;77T;84QL;130R;135D;167R;182N;185I;;;;;;;;;;;;;;
DQB1*04:07;9F;13GM;23L;37YA;45G;45GV;46VY;55R;56L;66D;74S;75V;77T;84QL;130R;135D;167R;182N;185I;;;;;;;;;;;;;
DQB1*04:08;9F;13GM;23L;37YA;45G;45GV;46VY;55R;56L;66D;74S;75V;77T;84QL;130R;135D;167H;182N;185I;;;;;;;;;;;;;
DQB1*06:15;9F;13GM;23R;26L;37YA;45G;45GV;46VY;52PQ;55R;55RPD;56P;56PD;66ER;66EV;67VT;70RT;74EL;77T;87Y;;;;;;;;;;;;
DQB1*06:19;9F;13GM;23R;26L;37YA;45G;45GV;46VY;55R;55RPD;56P;56PD;66EV;67VG;67VT;70GT;74EL;77T;86A;87F;;;;;;;;;;;;
DQB1*06:22;9F;13GM;23R;26L;37YA;45G;45GV;46VY;52PQ;55R;56P;57V;66ER;66EV;67VT;70RT;74EL;77T;87Y;;;;;;;;;;;;;
DQB1*06:23;9F;13GM;23R;37YA;45G;45GV;46VY;52PQ;55R;55RPD;56P;56PD;66EV;67VG;67VT;70GT;74EL;77T;86A;87F;;;;;;;;;;;;
DQB1*06:24;9F;13GM;23R;26L;37YA;45G;45GV;46VY;52PQ;55R;55RPD;56P;56PD;66EV;67VG;74EL;77T;86A;87F;;;;;;;;;;;;;
DQB1*06:29;9F;13GM;23R;26L;37YA;45G;45GV;46VY;55PPA;56P;56PA;66EV;67VG;67VT;70GT;74EL;77T;86A;87F;;;;;;;;;;;;;
DQB1*06:47;9F;13GM;23R;26L;37YA;45G;45GV;46VY;52PQ;55R;55RPD;56P;56PD;66EV;67VG;67VT;70GT;74EL;77T;86A;87F;125G;130R;135D;167R;182S;185T;;;;;
DQB1*06:50;9F;13GM;23R;26L;37YA;45G;45GV;46VY;52PQ;55R;55RPD;56P;56PD;66EV;67VG;67VT;70GT;74EL;77T;86A;87F;;;;;;;;;;;
DQB1*02:03;9Y;13GM;23R;26L;45G;52LL;56P;56PD;66D;66DR;75V;77R;84QL;130R;rq70RK/R;;;;;;;;;;;;;;;;;
DQB1*02:04;9Y;13GM;23R;26L;45G;52LL;56P;56PA;66D;66DR;75V;77R;84QL;130R;135D;167R;182S;185T;;;;;;;;;;;;;;
DQB1*02:05;9Y;13GM;23R;26L;45G;52LL;56P;56PA;66D;66DR;75V;77T;84QL;;;;;;;;;;;;;;;;;;;
DQB1*02:06;9Y;13GM;23R;26L;45G;52LL;56P;56PA;66D;66DR;75V;77R;84QL;130R;135G;167R;182S;185T;;;;;;;;;;;;;;
DQB1*02:07;9Y;13GM;23R;26L;45G;52LL;56P;56PA;66D;66DR;75V;77R;84QL;130R;135D;167R;182S;185T;;;;;;;;;;;;;;
DQB1*03:06;9Y;13GM;23R;26L;37YA;45G;45GV;46VY;55PP;55PPD;56P;56PD;66D;74S;75V;77T;84QL;rq75VT;;;;;;;;;;;;;;
DQB1*03:07;9Y;13GM;23R;26L;37YA;45G;45GV;46VY;55PP;55PPA;56P;56PA;66ER;66EV;67VT;70RT;74EL;77T;84QL;;;;;;;;;;;;;
DQB1*03:11;9Y;23R;26L;37YA;45G;45GV;46VY;55PP;55PPA;56P;56PA;66ER;66EV;67VT;70RT;74EL;77T;84QL;;;;;;;;;;;;;;
DQB1*03:13;9Y;23R;37YA;45EV;46VY;55PP;55PPD;56P;56PD;70RT;74EL;77T;84QL;130R;135D;167H;182N;185T;;;;;;;;;;;;;;
DQB1*03:14;9Y;23R;37YA;45G;45GV;46VY;55PP;55PPA;56P;56PA;66ER;66EV;67VT;70RT;74EL;77T;84QL;;;;;;;;;;;;;;;
DQB1*03:15;9Y;13GM;23R;26L;37YA;45G;45GV;46VY;55PP;55PPD;56P;56PD;66ER;66EV;67VT;70RT;74EL;77T;84QL;;;;;;;;;;;;;
DQB1*03:16;9Y;23R;37YA;45EV;46VY;56P;56PD;66ER;66EV;67VT;70RT;74EL;77T;84QL;130R;135D;167H;182N;185T;;;;;;;;;;;;;
DQB1*03:17;9Y;13GM;23R;37YA;45G;45GV;46VY;55PP;55PPD;56P;56PD;66ER;66EV;67VT;70RT;74EL;77T;84QL;;;;;;;;;;;;;;
DQB1*03:18;9Y;13GM;23R;26L;37YA;45G;45GV;46VY;55PP;55PPA;56P;56PA;66ER;66EV;67VT;70RT;74EL;77T;84QL;;;;;;;;;;;;;
DQB1*03:20;9Y;13GM;23R;26L;45G;45GV;46VY;55PP;55PPD;56P;56PD;66ER;66EV;67VT;70RT;74EL;77T;84QL;;;;;;;;;;;;;;
DQB1*03:21;9Y;23R;37YA;45EV;46VY;55PP;55PPD;56P;56PD;66ER;66EV;67VT;70RT;74EL;77T;84QL;130R;135D;167H;182N;185T;;;;;;;;;;;
DQB1*03:22;9Y;23R;37YA;45EV;46VY;55PP;55PPD;56P;56PD;66ER;66EV;67VT;70RT;74EL;77T;84QL;130Q;135D;167H;182N;185T;;;;;;;;;;;
DQB1*03:23;9Y;13GM;23R;26L;37YA;45G;45GV;46VY;52PQ;55R;55RPD;56P;56PD;66ER;66EV;67VT;70RT;74EL;77T;84QL;;;;;;;;;;;;
DQB1*03:24;9Y;23R;37YA;45EV;46VY;55PP;55PPD;56P;56PD;66ER;66EV;67VT;70RT;74EL;77T;84QL;130R;135D;167H;182N;185T;;;;;;;;;;;
DQB1*03:25;9Y;13GM;23R;26L;37YA;45G;45GV;46VY;55R;56L;66D;74S;75V;77T;84QL;130R;135D;167R;182N;185I;;;;;;;;;;;;
DQB1*03:26;9Y;23R;26L;37YA;45G;45GV;46VY;55PP;55PPD;56P;56PD;66ER;66EV;67VT;70RT;74EL;77T;84QL;;;;;;;;;;;;;;
DQB1*03:27;9Y;23R;37YA;45EV;46VY;55PP;55PPD;56P;56PD;66ER;66EV;67VT;70RT;74EL;77T;84QL;130R;135D;167H;182N;185T;;;;;;;;;;;
DQB1*03:28;9Y;23R;37YA;45EV;46VY;55PP;55PPD;56P;56PD;66ER;66EV;67VT;70RT;84QL;130R;135D;167H;182N;185T;;;;;;;;;;;;;
DQB1*03:29;9Y;23R;37YA;45EV;46VY;55PP;55PPD;56P;56PD;66ER;66EV;67VT;70RT;74EL;77T;84QL;130R;135D;167H;185T;;;;;;;;;;;;
DQB1*03:31;9Y;13GM;23R;26L;37YA;45G;45GV;46VY;55PP;55PPD;56P;56PD;66ER;66EV;67VT;70RT;74EL;77T;84QL;116I;130R;135D;167R;182N;185I;;;;;;;
DQB1*03:32;9Y;13GM;23R;26L;37YA;45G;45GV;46VY;55PP;55PPA;56P;56PA;66ER;66EV;67VT;70RT;74EL;77T;84QL;130R;135D;167R;182N;185I;;;;;;;;
DQB1*03:33;9Y;13GM;23R;26L;37YA;45G;45GV;46VY;55PP;55PPD;56P;56PD;66ER;66EV;67VT;70RT;74EL;77T;84QL;130R;135D;167R;;;;;;;;;;
DQB1*03:34;9Y;13GM;23R;26L;37YA;45G;45GV;46VY;55PP;55PPD;56P;56PD;66ER;66EV;67VT;70RT;74EL;77T;84QL;130R;135D;167R;;;;;;;;;;
DQB1*03:35;9Y;23R;37YA;45EV;46VY;55PP;55PPD;56P;56PD;66ER;66EV;67VT;70RT;74EL;77T;84QL;130R;135D;167H;182N;185T;;;;;;;;;;;
DQB1*03:36;9Y;23R;37YA;45EV;46VY;55PP;55PPD;56P;56PD;66ER;66EV;67VT;70RT;74EL;77T;84QL;130R;135D;167H;182N;185T;;;;;;;;;;;
DQB1*03:37;9Y;13GM;23R;26L;37YA;45G;45GV;46VY;55PP;55PPA;56P;56PA;66ER;66EV;67VT;70RT;74EL;77T;84QL;;;;;;;;;;;;;
DQB1*03:38;9Y;13GM;23R;26L;30H;37YA;45G;45GV;46VY;55PP;55PPD;56P;56PD;66ER;66EV;67VT;70RT;74EL;77T;84QL;130R;135D;167R;182N;185I;;;;;;;
DQB1*03:39;9Y;13GM;23R;26L;37YA;45G;45GV;46VY;55PP;55PPD;56P;56PD;66ER;66EV;67VT;70RT;74EL;77T;84QL;130R;135D;167R;182N;185I;;;;;;;;
DQB1*03:40;9Y;13GM;23R;26L;37YA;45G;55PP;55PPD;56P;56PD;66ER;66EV;67VT;70RT;74EL;77T;84QL;;;;;;;;;;;;;;;
DQB1*03:41;9Y;13GM;23R;26L;37YA;46VY;55PP;55PPD;56P;56PD;66ER;66EV;67VT;70RT;74EL;77T;84QL;130R;135D;167R;182N;185I;;;;;;;;;;
DQB1*03:42;9Y;23R;37YA;45EV;46VY;55PP;55PPD;56P;56PD;66ER;66EV;67VT;70RT;74EL;77T;84QL;130R;135D;167H;182N;185T;;;;;;;;;;;
DQB1*03:43;9Y;13GM;23R;26L;37YA;45G;45GV;46VY;55PP;55PPD;56P;56PD;66ER;66EV;67VT;70RT;74EL;77T;84QL;130R;135D;167R;182N;185I;;;;;;;;
DQB1*03:44;9Y;23R;37YA;45EV;46VY;55PP;55PPD;56P;56PD;66ER;66EV;67VT;70RT;74EL;77T;84QL;130R;135D;167H;182N;185T;;;;;;;;;;;
DQB1*04:04;9Y;13GM;23R;37YA;45G;45GV;46VY;55R;56L;66D;74S;75V;77T;84QL;;;;;;;;;;;;;;;;;;
DQB1*04:05;9Y;13GM;23L;37YA;45G;45GV;46VY;55R;56L;66D;74S;75V;77T;84QL;;;;;;;;;;;;;;;;;;
DQB1*05:05;9Y;23R;30H;37YA;45G;45GV;46VY;52PQ;55R;56P;56PS;66EV;67VG;74S;75V;77R;86A;87Y;116I;;;;;;;;;;;;;
DQB1*05:06;9Y;23R;30H;37YV;45G;45GV;46VY;52PQ;55R;55RPD;56P;56PD;66EV;67VG;74S;75V;77R;86A;87Y;;;;;;;;;;;;;
DQB1*05:07;9Y;23R;30H;37YV;45G;45GV;46VY;52PQ;55R;56P;57V;66EV;67VG;74S;75V;77R;86A;87Y;116I;125SQ;130R;135D;167R;182S;185T;;;;;;;
DQB1*05:08;9Y;23R;30H;37YV;45G;45GV;46VY;52PQ;55R;55RPD;56P;56PD;66EV;67VG;74S;75V;77R;86A;87Y;116I;125SQ;130R;135D;167H;182S;185T;;;;;;
DQB1*05:09;9Y;23R;30H;45G;45GV;46VY;52PQ;55R;55RPD;56P;56PD;66EV;67VG;74S;75V;77R;86A;87Y;;;;;;;;;;;;;;
DQB1*05:10;9Y;23R;30H;37YV;45G;45GV;46VY;52PQ;55R;55RPD;56P;56PD;66EV;67VG;74S;75V;77R;86A;87Y;116I;125SQ;130R;135D;167R;185T;;;;;;;
DQB1*05:11;9Y;23R;30H;37YA;45G;45GV;46VY;52PQ;55R;56P;57V;66EV;67VG;74S;75V;77R;86A;87Y;;;;;;;;;;;;;;
DQB1*05:13;9Y;23R;30H;37YV;45G;45GV;46VY;52PQ;55R;55RPD;56P;56PD;66EV;67VG;74S;75V;77R;86A;87Y;;;;;;;;;;;;;
DQB1*05:14;9Y;23R;30H;37YV;45G;45GV;46VY;52PQ;55R;56P;56PS;66EV;67VG;74S;75V;77R;86A;87Y;116I;130R;135D;167R;182S;185T;;;;;;;;
DQB1*05:15;9Y;23R;30H;37YV;45G;45GV;46VY;52PQ;55R;55RPD;56P;56PD;66EV;67VG;74S;75V;77R;86A;87Y;116I;125SQ;130R;135D;167R;182S;185T;;;;;;
DQB1*05:16;9Y;23R;30H;37YV;45G;45GV;46VY;52PQ;55R;55RPD;56P;56PD;66EV;67VG;74S;75V;77R;86A;87Y;116I;125SQ;130R;135D;167R;182S;185T;;;;;;
DQB1*06:17;9Y;13GM;23R;26L;30H;37YA;45G;45GV;46VY;52PQ;55R;56P;57V;66EV;67VG;74EL;77T;87Y;;;;;;;;;;;;;;
DQB1*06:18;9Y;13GM;23R;26L;37YA;45G;45GV;46VY;52PQ;55R;56P;57V;66ER;66EV;67VT;70RT;74EL;77T;86A;87F;;;;;;;;;;;;
DQB1*06:21;9Y;13GM;23R;26L;30H;37YA;45G;45GV;46VY;52PQ;55R;56P;57V;66EV;67VG;67VT;70GT;74EL;77T;87Y;125G;130Q;135D;167R;182S;185T;;;;;;
DQB1*06:25;9Y;13GM;23R;26L;30H;37YA;45G;45GV;46VY;52PQ;55R;56P;56PS;66ER;66EV;67VT;70RT;74EL;77T;87Y;;;;;;;;;;;;
DQB1*06:27;9Y;13GM;23R;26L;30H;37YA;45G;45GV;46VY;52PQ;55R;56P;57V;66ER;66EV;67VT;70RT;74EL;77T;86A;87F;;;;;;;;;;;
DQB1*06:28;9Y;13GM;23R;26L;30H;37YV;45G;45GV;46VY;52PQ;55R;55RPD;56P;56PD;66EV;67VG;67VT;70GT;74EL;77T;86A;87F;;;;;;;;;;
DQB1*06:30;9Y;13GM;23R;26L;30H;37YA;45G;45GV;46VY;52PQ;55R;55RPD;56P;56PD;66EV;67VG;74EL;77T;86A;87F;;;;;;;;;;;;
DQB1*06:31;9Y;23R;26L;30H;37YA;45G;45GV;46VY;52PQ;55R;55RPD;56P;56PD;66EV;67VG;67VT;70GT;74EL;77T;86A;87F;;;;;;;;;;;
DQB1*06:32;9Y;13GM;23R;26L;30H;37YA;45G;45GV;46VY;52PQ;55R;55RPD;56P;56PD;66ER;66EV;67VT;70RT;74EL;77T;86A;87F;;;;;;;;;;
DQB1*06:34;9Y;13GM;23R;26L;30H;37YA;45G;45GV;46VY;52PQ;55R;56P;57V;66ER;66EV;67VT;70RT;74EL;77T;87Y;125G;130Q;135D;167R;182S;185T;;;;;;
DQB1*06:36;9Y;13GM;23R;26L;30H;37YA;45G;45GV;46VY;52PQ;55R;56P;57V;66ER;66EV;67VT;70RT;74EL;77T;87Y;125G;130Q;135D;167R;182S;185T;;;;;;
DQB1*06:38;9Y;13GM;23R;26L;30H;37YA;45G;45GV;46VY;52PQ;55R;56P;57V;66ER;66EV;67VT;70RT;74EL;77T;87Y;125G;130Q;135D;167R;182S;185T;;;;;;
DQB1*06:39;9Y;13GM;23R;26L;30H;37YA;45G;45GV;46VY;52PQ;55R;56P;57V;66ER;66EV;67VT;70RT;74EL;77T;87Y;125G;130R;135D;167R;182S;185T;;;;;;
DQB1*06:40;9Y;13GM;23R;26L;30H;37YA;45G;45GV;46VY;52PQ;55R;55RPD;56P;56PD;66EV;67VG;67VT;70GT;74EL;77T;86A;87F;;;;;;;;;;
DQB1*06:41;9Y;13GM;23R;26L;30H;37YA;45G;45GV;46VY;52PQ;55R;55RPD;56P;56PD;66EV;67VG;67VT;70GT;74EL;77T;86A;87F;125G;130Q;135D;167R;182S;185T;;;;
DQB1*06:42;9Y;13GM;23R;26L;37YA;45G;45GV;46VY;52PQ;55R;56P;57V;66EV;67VG;74EL;77T;87Y;125G;130Q;135D;167R;182S;185T;;;;;;;;;
DQB1*06:45;9Y;23R;45G;45GV;46VY;52PQ;55R;55RPD;56P;56PD;66D;66DR;70RT;74EL;77T;86A;87F;;;;;;;;;;;;;;;
DQB1*06:52;9Y;13GM;23R;26L;30H;37YA;45G;45GV;46VY;52PQ;55R;56P;57V;66ER;66EV;67VT;70RT;74EL;77T;87Y;125G;130Q;135D;167R;182S;185T;;;;;;
DQB1*06:06;23R;26L;37YA;45G;45GV;46VY;52PQ;55R;56P;57V;66ER;66EV;67VT;70RT;75V;77R;;;;;;;;;;;;;;;;
DQB1*06:35;23R;45EV;46VY;55R;55RPD;56P;56PD;66D;66DR;70RT;74EL;77T;86A;87F;;;;;;;;;;;;;;;;;;
DQB1*06:43;23R;45G;45GV;46VY;52PQ;55R;55RPD;56P;56PD;66D;66DR;70RT;74EL;77T;86A;87F;125G;130R;135D;167H;182S;185T;;;;;;;;;;
DQA1*01:01;2D;25YT;40E;52SK;75I;129QS;160A;160AD;;;;;;;;;;;;;;;;;;;;;;;;
DQA1*01:02;2D;25YT;40E;52SK;75I;129QS;160A;160AD;;;;;;;;;;;;;;;;;;;;;;;;
DQA1*01:03;2D;25FT;40E;52SK;75I;129H;130A;160A;160AD;;;;;;;;;;;;;;;;;;;;;;;
DQA1*02:01;2D;25FT;40E;40ERV;47KHL;61FT;66IL;75I;75IL;76L;129H;160A;160AD;175E;;;;;;;;;;;;;;;;;;
DQA1*03:01;2D;40E;40ERV;61FT;66IL;75I;76V;129H;160A;160AD;175E;;;;;;;;;;;;;;;;;;;;;
DQA1*03:02;2D;40E;40ERV;61FT;66IL;75I;76V;129H;160D;175E;;;;;;;;;;;;;;;;;;;;;;
DQA1*03:03;2D;40E;40ERV;61FT;66IL;75I;76V;129H;160D;175E;;;;;;;;;;;;;;;;;;;;;;
DQA1*04:01;2D;25YT;40GR;61FT;66IT;75I;75IL;76L;129H;160A;160AD;175E;;;;;;;;;;;;;;;;;;;;
DQA1*04:02;2D;25YT;40GR;61FT;66IT;75I;75IL;76L;129H;160A;160AD;175E;;;;;;;;;;;;;;;;;;;;
DQA1*05:01;2D;25YT;40GR;61FT;66IL;75S;76L;129H;160A;;;;;;;;;;;;;;;;;;;;;;;
DQA1*05:03;2D;25YT;40GR;61FT;66IL;75S;76L;129H;160S;;;;;;;;;;;;;;;;;;;;;;;
DQA1*05:05;2D;25YT;40GR;61FT;66IL;75S;76L;129H;160A;;;;;;;;;;;;;;;;;;;;;;;
DQA1*05:06;2D;25YT;40GR;61FT;66IL;75S;76L;129H;160S;;;;;;;;;;;;;;;;;;;;;;;
DQA1*05:07;2D;25YT;40GR;61FT;66IL;75S;76L;129H;160S;;;;;;;;;;;;;;;;;;;;;;;
DQA1*05:08;2D;25YT;40GR;61FT;66IL;75S;76L;129H;160A;;;;;;;;;;;;;;;;;;;;;;;
DQA1*05:09;2D;25YT;40GR;61FT;66IL;75S;76L;129H;160A;;;;;;;;;;;;;;;;;;;;;;;
DQA1*05:11;2D;25YT;40GR;61FT;66IL;75S;76L;129H;160A;;;;;;;;;;;;;;;;;;;;;;;
DQA1*06:01;2D;25FT;40GR;61FT;66IT;75I;75IL;76L;129H;160A;160AD;175E;;;;;;;;;;;;;;;;;;;;
DQA1*01:04;2G;25YT;40E;52SK;75I;129QS;160A;160AD;;;;;;;;;;;;;;;;;;;;;;;;
DQA1*01:05;2G;25YT;40E;52SK;75I;129QS;160A;160AD;;;;;;;;;;;;;;;;;;;;;;;;
DQA1*01:07;2G;25YT;40E;52SK;75I;129QS;160A;160AD;;;;;;;;;;;;;;;;;;;;;;;;
DQA1*06:02;25FT;40GR;61FT;66IT;75I;75IL;76L;129H;160A;160AD;175E;;;;;;;;;;;;;;;;;;;;;
DQA1*01:06;25YT;40E;52SK;75I;;;;;;;;;;;;;;;;;;;;;;;;;;;;
DQA1*01:08;25YT;40E;52SK;75I;129QS;160A;160AD;;;;;;;;;;;;;;;;;;;;;;;;;
DQA1*01:09;25YT;40E;52SK;75I;129QS;160A;160AD;;;;;;;;;;;;;;;;;;;;;;;;;
DQA1*04:04;25YT;40GR;61FT;66IT;75I;75IL;76L;129H;160A;160AD;175E;;;;;;;;;;;;;;;;;;;;;
DQA1*05:02;25YT;40GR;61FT;66IL;75S;76L;;;;;;;;;;;;;;;;;;;;;;;;;;
DQA1*05:04;25YT;40GR;61FT;66IL;75S;76L;;;;;;;;;;;;;;;;;;;;;;;;;;
DQA1*05:10;25YT;40GR;61FT;66IL;75S;76L;129H;160A;;;;;;;;;;;;;;;;;;;;;;;;
